Calories,Time
177.9,13.7
644.1,51.9
929.4,55.4
941.2,61.9
303.1,19.9
342.3,16.9
373.2,25.9
461.0,28.6
1469.1,58.0
359.9,18.3
997.7,71.3
378.3,25.7
708.2,46.6
859.0,54.9
507.8,33.0
716.5,72.9
122.0,10.9
779.2,34.1
956.2,87.8
607.1,48.7
321.7,17.0
244.8,18.9
761.5,56.7
947.4,52.5
153.7,7.8
591.1,37.8
643.3,35.4
638.6,49.5
422.3,26.3
749.3,40.1
287.8,21.2
1118.1,72.2
900.0,70.6
612.2,48.2
712.6,44.6
439.9,43.9
746.6,33.5
597.8,32.7
535.9,29.6
369.7,30.1
575.9,35.3
813.3,51.9
807.0,47.6
451.0,24.8
465.5,37.0
294.1,16.7
948.7,45.5
696.0,39.7
593.9,69.4
142.5,10.5
270.2,17.4
417.9,33.4
807.6,41.5
1070.8,49.7
614.7,30.8
850.9,50.7
96.0,6.2
755.0,64.5
243.8,14.2
806.3,74.0
982.2,64.7
72.6,6.8
864.9,45.1
423.2,27.8
292.8,19.4
924.6,61.4
592.2,69.5
723.5,58.8
944.9,59.7
291.6,24.6
879.5,43.7
907.5,66.8
212.0,8.7
215.7,15.2
496.2,31.1
435.4,30.9
488.7,32.4
941.2,50.6
716.9,72.6
86.0,5.9
257.3,20.5
475.6,44.1
681.7,43.4
493.8,35.0
1025.7,65.8
511.3,38.1
472.7,34.1
186.7,10.9
566.6,43.2
883.2,64.5
1091.3,90.0
764.9,71.7
116.1,7.4
1153.3,77.5
729.7,64.7
916.8,70.6
543.2,33.4
551.5,36.6
598.0,56.2
570.2,29.9
91.7,5.4
296.7,14.4
195.4,10.9
982.7,73.1
707.7,38.0
502.9,30.9
917.1,56.7
91.6,5.3
792.9,59.7
1221.2,59.6
136.3,9.4
179.7,13.8
1094.4,61.8
817.9,57.3
770.0,50.4
844.9,70.7
1081.0,57.5
370.0,20.3
970.7,53.1
1126.8,63.7
454.8,30.5
517.2,32.1
313.9,18.7
446.4,36.1
720.1,39.3
996.7,68.0
653.3,30.0
347.4,30.5
973.2,69.6
411.9,27.5
898.2,61.2
699.0,47.0
412.8,24.4
832.6,61.4
314.1,19.6
605.2,36.1
306.5,25.7
845.1,43.6
513.2,49.6
205.6,12.7
1033.8,83.7
313.4,21.1
669.0,46.6
262.2,20.3
437.3,24.1
643.5,53.4
325.3,17.1
154.2,12.9
473.9,34.3
1240.2,52.1
814.5,53.5
782.6,73.7
1024.0,55.4
483.3,39.5
847.7,48.7
887.5,37.5
506.3,47.8
431.2,23.4
240.9,14.7
690.3,52.7
955.7,50.2
1006.8,57.3
133.2,8.9
484.5,33.6
242.2,13.4
123.0,8.5
376.7,28.0
899.0,71.8
686.1,44.0
368.5,30.2
554.6,48.0
726.4,55.5
551.4,40.7
1041.5,55.3
626.2,67.9
1013.2,52.3
736.8,50.1
858.9,62.4
383.0,23.9
471.4,28.5
563.6,36.0
1011.8,59.0
614.3,48.1
904.1,49.3
177.7,14.9
341.0,20.6
251.7,17.2
903.6,59.4
375.3,26.9
1002.9,54.0
136.3,11.2
705.2,53.2
96.3,8.0
168.3,8.5
353.8,22.1
446.1,31.8
130.8,9.2
1023.1,79.1
330.4,33.2
815.2,63.5
874.2,69.2
191.0,17.8
722.4,62.4
229.9,12.1
1095.4,57.7
597.0,46.2
777.1,39.6
528.6,34.8
601.1,47.0
854.9,51.7
928.9,63.4
442.8,32.8
575.4,28.5
861.1,45.7
387.7,24.0
351.5,20.9
447.6,23.9
95.2,5.1
629.7,50.3
1005.5,92.7
664.8,61.6
409.1,44.0
100.8,6.5
769.3,44.8
419.7,28.8
516.5,39.4
851.7,78.0
933.0,64.3
196.3,10.1
232.8,14.6
449.8,33.8
237.3,16.5
377.2,23.4
797.7,54.1
1063.5,87.7
346.6,26.8
762.2,49.7
261.0,18.8
509.4,38.6
1130.3,58.8
952.6,77.1
587.3,58.6
361.1,23.2
466.8,35.4
412.3,21.2
190.6,18.3
843.7,64.2
882.0,51.0
623.6,38.8
547.3,34.6
414.2,32.2
1219.9,76.2
193.0,11.0
674.6,38.6
103.4,6.3
969.0,76.3
150.8,8.0
283.3,19.0
211.3,14.2
441.6,38.9
770.1,42.2
330.7,18.4
1213.8,91.0
116.2,9.7
349.0,30.8
131.1,6.2
170.9,9.5
614.3,51.5
750.7,56.7
829.1,65.6
118.5,7.5
831.3,49.5
280.5,18.7
75.8,5.7
425.5,28.5
712.8,45.6
946.6,55.7
913.0,46.9
813.0,67.9
286.6,25.9
278.5,13.9
1133.0,55.6
464.3,21.4
259.7,15.7
158.7,21.1
553.8,58.9
439.3,29.2
464.6,25.9
831.5,56.0
880.6,71.0
613.0,40.3
790.5,67.3
158.8,11.5
1378.1,68.9
641.7,44.0
1201.6,59.9
1098.0,74.8
1141.6,50.9
911.5,77.7
905.5,72.3
1224.3,85.0
293.3,17.7
864.8,67.9
197.8,13.7
595.4,82.4
73.7,4.4
1018.3,68.1
362.5,21.7
815.7,66.1
360.8,24.2
972.1,70.0
796.6,48.1
292.5,24.8
1011.3,65.0
940.9,59.4
211.0,16.5
570.9,37.4
554.1,44.3
290.4,22.4
452.3,35.9
517.0,27.2
253.2,15.4
716.6,50.1
512.3,38.3
650.4,29.5
463.3,33.2
330.1,15.8
603.7,43.5
1002.8,77.3
741.2,49.9
269.5,15.4
349.0,24.0
618.7,49.7
728.1,58.0
857.4,53.3
1156.0,86.3
337.1,23.2
246.5,20.8
1065.9,84.7
309.9,23.0
878.4,46.7
965.8,55.3
1132.1,56.5
622.3,48.4
778.0,47.7
174.5,9.1
367.5,31.8
464.9,32.6
652.6,51.6
620.4,34.4
809.6,75.0
449.7,34.2
462.0,44.2
534.5,33.2
810.9,47.7
794.8,61.7
185.9,10.3
755.6,47.3
760.1,56.9
718.1,62.9
1142.6,61.9
474.4,29.3
614.7,50.2
419.8,33.0
429.2,41.1
518.1,30.5
779.0,54.4
562.1,27.2
850.2,47.1
834.2,70.4
1213.4,75.0
444.3,38.2
1096.1,83.4
1106.0,60.8
471.2,18.9
513.8,34.0
764.6,77.7
755.2,47.0
598.1,46.8
845.1,61.8
945.9,86.2
958.2,48.8
834.9,47.9
699.6,33.0
503.0,37.4
1028.8,58.7
464.8,33.9
544.9,32.4
293.6,17.0
850.4,48.5
723.9,51.8
119.3,10.2
549.0,38.3
339.5,27.2
639.6,36.6
333.4,26.9
875.5,65.3
203.8,16.1
142.9,13.3
691.8,39.3
799.8,63.7
622.1,49.5
361.1,19.3
1047.5,76.0
512.7,22.8
311.1,20.1
129.3,7.0
483.7,30.6
678.9,47.7
648.7,68.1
205.1,10.6
991.2,62.3
147.9,12.2
292.8,28.5
339.0,19.4
714.0,41.1
701.5,38.8
710.1,52.4
291.9,17.3
778.9,63.9
480.6,33.6
331.7,30.5
740.8,42.3
352.1,19.2
233.2,14.9
848.8,54.3
142.8,9.0
910.7,58.0
1064.5,59.9
368.9,19.2
238.8,11.5
129.3,8.4
467.2,36.6
1269.6,55.9
805.1,84.6
752.0,73.9
899.3,58.9
732.1,59.7
179.7,11.3
250.5,16.3
265.6,24.7
333.2,25.5
782.7,61.0
778.9,49.7
1193.3,78.3
1058.2,66.8
485.7,26.6
156.3,15.1
614.5,29.5
806.4,47.5
236.5,19.9
880.5,49.8
388.6,22.9
374.8,28.5
614.2,51.3
605.0,32.8
254.5,21.4
814.4,70.0
889.9,45.2
142.0,9.8
1046.5,84.9
202.2,12.2
583.5,29.3
503.6,31.8
989.7,55.8
671.5,43.8
837.4,74.7
667.9,50.9
1289.9,63.7
153.0,10.5
731.1,51.8
546.8,35.9
130.1,8.9
803.8,53.0
1085.9,74.5
780.0,58.7
475.0,32.1
1105.8,69.2
255.8,16.3
126.0,8.5
105.0,9.6
564.0,44.5
584.0,44.7
1348.4,89.2
167.8,10.8
859.0,61.0
885.6,43.1
483.2,32.4
723.5,38.2
179.0,11.7
183.5,9.7
435.7,22.3
1016.2,66.9
427.4,29.0
662.9,48.5
407.0,29.8
119.9,9.4
480.5,27.1
574.3,55.5
652.8,49.0
952.2,66.2
430.9,31.4
670.5,63.3
334.6,27.2
923.3,58.3
468.1,43.5
743.8,68.1
867.3,59.9
656.9,38.6
887.0,49.6
831.1,72.3
885.1,66.1
188.4,16.0
126.7,6.2
671.9,43.7
1213.8,82.8
78.7,8.0
391.6,31.1
443.8,24.8
559.6,45.3
814.5,56.4
651.6,35.0
475.5,37.3
719.7,81.2
827.1,60.4
803.3,56.6
1121.8,74.5
601.3,46.1
806.8,48.8
799.9,36.5
525.5,38.2
494.7,29.1
165.7,10.7
383.8,22.7
1068.6,78.8
181.4,18.1
423.2,33.4
101.1,5.8
546.4,43.0
651.5,41.1
607.3,50.3
445.6,26.2
480.8,44.3
526.7,27.5
169.6,15.8
336.0,21.1
795.6,60.1
122.5,8.0
462.7,29.5
777.9,50.2
112.7,9.2
308.2,19.3
870.0,58.2
448.9,32.6
853.5,50.8
307.2,31.6
960.9,65.2
573.6,54.0
519.3,43.8
407.1,38.7
587.7,45.9
842.9,55.7
970.6,59.4
473.1,27.0
174.0,9.4
1010.0,65.1
1025.8,63.0
1065.8,61.4
407.5,27.3
241.2,19.1
252.1,17.6
462.6,35.9
800.9,45.6
1084.6,90.4
149.7,12.5
132.8,7.6
800.0,53.2
1156.5,56.4
903.6,60.1
844.5,58.8
232.5,17.7
368.2,31.3
992.5,83.0
599.9,40.2
401.9,22.7
121.0,6.6
534.9,27.2
636.6,58.4
999.3,86.4
480.7,32.7
461.5,28.9
305.1,26.1
947.9,54.8
1092.4,52.6
96.2,5.9
407.0,26.2
386.3,20.9
444.6,20.7
631.5,32.8
256.3,19.7
495.1,39.3
125.5,8.9
721.8,32.6
565.3,34.4
913.9,59.8
493.2,48.7
695.2,44.4
142.4,10.2
1049.0,53.6
981.3,66.5
896.0,51.9
1051.6,60.0
699.9,47.1
318.4,18.3
569.1,29.3
533.8,43.6
227.7,11.2
374.8,41.0
318.9,22.0
369.8,38.7
733.0,42.9
766.5,45.1
266.6,25.0
857.8,53.3
736.7,44.5
320.8,17.0
274.6,16.3
647.2,61.3
553.6,31.2
797.1,79.1
631.4,49.5
163.5,11.5
789.1,45.8
300.9,18.1
277.3,21.3
283.2,19.7
157.6,9.8
328.3,17.0
250.2,19.2
351.0,31.3
728.2,41.5
101.8,8.2
465.3,32.8
865.6,47.4
353.4,25.1
245.2,20.4
268.6,13.9
894.8,66.1
346.7,25.0
552.3,53.2
439.8,29.8
143.1,10.6
185.6,9.2
608.3,30.5
727.4,55.6
807.2,49.9
244.0,15.1
446.2,42.7
693.9,39.1
501.3,49.8
211.0,13.8
1002.6,82.0
983.0,78.8
288.7,14.6
887.0,57.4
409.9,30.4
83.0,8.4
896.4,48.0
1001.7,54.9
698.9,39.0
324.8,24.6
709.3,48.8
820.1,63.0
623.7,29.9
233.6,11.5
416.0,38.2
498.1,44.1
824.4,46.6
1009.2,66.4
70.8,5.8
892.8,53.5
744.0,53.0
561.0,39.2
490.5,26.9
1139.1,78.0
215.1,15.7
476.6,38.7
131.8,6.8
384.9,23.8
250.4,20.9
768.2,54.4
788.1,33.1
521.2,33.8
693.0,44.2
835.4,49.9
667.5,37.8
206.8,11.4
153.8,11.9
399.1,23.0
614.5,48.1
92.0,5.8
701.9,53.1
230.8,19.5
124.1,11.0
250.6,20.2
606.1,33.9
712.8,50.5
565.0,31.8
438.1,30.5
388.7,26.5
209.7,13.7
296.1,21.8
267.7,22.9
634.6,36.6
155.2,10.3
233.5,14.2
746.4,43.2
244.9,13.7
903.9,61.2
364.6,23.7
788.1,56.6
483.5,27.2
766.1,48.5
426.3,31.9
610.3,49.3
970.0,55.6
573.6,44.0
656.3,56.3
1007.5,75.4
450.2,38.8
874.7,75.4
1063.0,51.0
409.1,22.7
889.6,58.8
1177.5,77.3
125.4,9.8
791.7,59.8
445.7,40.5
218.5,13.6
984.2,67.6
235.0,23.6
871.5,54.8
686.2,52.5
387.7,21.1
237.1,18.8
758.1,73.2
267.1,24.0
492.2,40.5
670.4,52.2
1180.5,84.2
920.8,70.0
557.9,28.0
1090.0,86.1
198.8,10.7
407.1,23.7
201.7,20.7
701.2,45.6
269.7,16.9
170.0,23.5
259.1,18.0
556.6,31.1
501.9,56.9
411.5,28.1
561.9,54.2
658.3,42.0
222.4,14.9
450.4,35.6
324.7,24.3
881.3,49.5
530.8,52.9
199.8,8.6
331.4,16.3
874.9,73.4
498.3,37.1
563.0,38.2
442.2,32.7
84.2,5.8
957.5,68.8
851.5,45.3
128.7,6.3
1165.5,55.1
325.7,17.4
796.7,61.4
604.1,45.2
986.6,57.0
1070.7,67.8
565.7,43.2
363.7,20.9
374.1,25.4
125.0,6.8
438.6,46.1
692.9,47.9
774.9,50.4
647.5,46.3
687.8,38.0
742.8,76.8
276.3,18.8
394.0,21.3
573.1,37.3
912.4,61.2
434.6,24.7
159.6,9.5
428.6,22.6
721.4,35.1
433.4,34.3
279.2,19.6
772.0,60.7
854.3,61.2
595.8,46.5
733.5,46.5
449.7,41.7
717.2,42.9
513.8,38.4
749.7,46.3
810.3,56.0
1255.6,56.7
742.4,63.8
574.0,40.0
348.8,30.8
1084.4,57.8
1187.1,63.9
1095.2,65.0
101.8,6.0
754.1,67.7
391.3,22.4
553.1,29.9
677.2,52.0
1031.5,67.8
309.9,18.6
176.0,21.6
120.8,7.5
707.6,67.4
232.1,15.3
639.6,42.5
896.6,70.6
337.0,19.6
554.6,38.8
678.0,53.3
796.2,80.4
851.2,45.1
162.2,14.8
513.0,31.4
817.3,71.4
774.4,42.8
1185.6,81.3
416.7,34.3
105.0,7.9
350.9,25.3
529.9,54.1
905.2,58.6
847.1,56.9
653.6,75.4
458.2,27.3
1099.5,73.8
1008.0,72.5
942.6,95.3
300.4,23.1
962.8,86.7
892.2,48.1
659.1,50.9
503.3,34.4
1000.8,67.6
129.2,8.2
84.9,7.7
1026.6,56.2
1013.4,77.4
109.0,7.9
362.1,18.9
256.2,17.4
451.3,30.2
305.9,21.3
1151.9,78.4
930.5,55.4
97.2,9.6
271.2,16.8
742.1,49.0
319.8,22.5
1123.4,51.2
421.9,35.0
747.3,59.0
939.7,54.5
922.9,50.2
75.0,5.7
738.5,51.4
233.3,16.2
729.1,52.0
290.5,13.6
1104.0,79.4
780.0,51.3
97.1,6.3
219.6,15.6
855.0,65.2
429.5,34.9
191.3,16.2
147.8,10.6
1180.9,69.6
985.7,66.9
699.2,64.6
917.8,70.2
512.2,40.6
610.6,36.2
836.1,79.3
612.4,48.2
338.2,26.4
978.1,87.3
796.6,39.8
540.6,38.0
225.0,14.8
838.6,55.2
1043.0,46.8
881.1,56.1
502.2,31.4
431.9,40.5
492.2,59.2
465.9,27.0
686.6,37.2
979.6,67.5
705.5,35.1
259.2,19.4
1051.7,72.7
576.5,39.2
193.9,11.9
908.8,74.0
435.5,41.5
112.6,8.9
369.7,25.5
1005.5,56.3
1087.3,59.8
1049.8,63.3
934.7,47.5
234.6,25.6
599.9,32.5
922.6,56.1
882.2,60.6
1034.0,52.5
1028.6,65.8
107.4,7.3
929.2,37.7
1158.6,55.8
320.5,20.5
266.6,25.6
266.2,25.6
521.0,25.5
589.0,57.3
1004.8,57.1
739.0,45.5
521.0,30.2
517.1,30.6
708.1,52.7
516.1,41.3
426.8,32.3
633.0,36.5
191.9,26.7
878.6,75.4
683.9,38.3
92.7,9.3
879.8,57.7
129.8,7.9
182.2,10.7
306.5,23.3
163.7,10.7
627.1,33.5
519.4,33.1
108.8,10.2
396.3,28.8
442.3,26.6
691.0,39.7
235.6,20.4
197.2,10.2
831.3,65.2
251.4,19.8
146.0,7.3
621.7,48.0
132.3,11.2
257.9,21.6
367.7,35.7
742.7,41.3
553.7,32.6
691.6,50.8
867.3,69.7
1292.0,62.3
161.5,11.5
221.7,16.5
486.1,27.4
876.9,55.1
245.7,13.3
700.3,49.7
150.7,9.5
624.9,46.9
769.8,55.8
559.8,48.4
168.1,10.6
1151.9,56.1
1154.1,92.8
1128.9,59.7
297.6,12.9
926.6,59.5
196.0,8.1
335.8,25.8
483.8,34.0
551.5,29.9
618.2,36.0
312.4,18.3
366.5,29.4
1135.2,81.8
508.7,36.8
1272.2,87.2
555.0,55.4
515.5,31.1
303.4,28.4
474.6,39.3
838.7,71.1
604.9,36.9
633.0,46.9
830.6,53.1
455.8,31.7
531.0,37.2
642.5,79.4
840.3,51.4
432.9,23.7
145.1,8.3
1150.7,55.7
245.2,16.3
683.8,48.2
223.4,16.6
970.1,62.2
209.4,11.7
803.6,49.6
695.6,42.5
110.2,9.6
262.0,22.3
877.2,76.3
1146.8,85.1
504.6,41.1
809.4,73.3
232.2,17.7
972.5,62.5
726.1,56.7
999.9,50.5
468.9,28.8
803.9,75.6
462.8,32.9
814.4,55.6
459.7,41.1
819.0,82.8
1207.7,71.0
121.0,7.0
493.4,34.3
755.8,46.7
206.8,16.8
630.7,44.6
505.2,28.9
949.0,72.4
454.9,26.7
343.1,25.4
98.6,4.7
650.3,39.5
817.7,50.8
144.7,10.0
605.5,71.8
1090.4,73.5
433.8,31.5
590.6,31.4
524.1,30.8
253.4,15.5
882.1,54.4
679.0,37.2
684.7,43.4
804.1,61.5
765.0,55.9
114.9,7.6
614.2,38.4
527.9,34.4
488.6,31.1
502.9,34.1
394.8,25.3
280.7,17.3
488.8,29.7
263.5,19.8
163.4,12.8
767.0,51.3
237.6,16.5
243.9,14.4
408.6,32.5
375.5,26.3
1175.2,88.3
1285.5,60.6
908.1,48.4
885.3,64.5
813.6,50.2
1049.5,58.0
116.3,7.0
86.3,6.3
97.0,7.2
378.1,27.3
136.2,7.5
166.3,11.8
655.9,58.3
794.0,50.1
831.2,46.0
212.4,10.1
255.7,11.9
791.4,49.8
495.3,32.4
199.3,19.8
458.7,21.5
538.5,32.3
174.8,10.2
753.7,68.4
930.9,43.9
1101.3,55.2
638.0,34.5
812.4,53.4
1280.3,82.8
861.6,63.3
229.3,16.3
648.1,55.7
365.4,17.0
336.3,24.9
532.9,56.4
462.1,28.4
661.3,39.3
119.0,13.2
920.3,85.0
1156.0,82.6
966.7,60.7
842.4,79.3
183.6,10.6
646.8,39.5
106.4,8.7
294.6,24.2
692.1,64.9
271.5,27.4
627.8,35.9
552.4,27.0
362.8,28.8
901.7,54.7
916.1,47.5
569.5,47.6
169.8,10.0
538.8,42.4
244.1,16.3
980.1,60.6
736.2,43.9
574.6,29.7
341.5,16.0
415.8,22.4
736.1,43.0
1150.0,59.0
750.3,43.5
821.1,61.6
196.7,16.5
312.9,28.2
529.6,42.6
452.2,38.0
630.8,34.7
961.0,52.5
247.1,12.5
524.1,35.9
467.7,36.9
309.4,29.6
589.3,41.6
842.4,43.8
283.7,24.8
912.0,67.8
437.6,24.5
627.8,43.7
149.3,10.4
646.7,44.1
877.5,56.8
1342.1,96.0
490.2,31.2
937.8,37.9
880.6,78.1
773.5,65.7
1056.7,48.9
991.7,54.1
1170.3,66.1
959.4,68.5
771.9,62.7
202.4,11.8
954.3,54.0
251.6,31.4
701.9,38.6
336.1,24.7
937.0,65.4
232.6,12.4
127.1,6.5
485.6,50.3
288.1,21.9
666.7,29.6
1004.4,48.8
339.7,30.8
86.2,6.0
1095.3,64.7
800.8,41.3
386.1,32.4
1031.0,89.9
590.7,38.2
824.7,42.2
415.4,46.9
1060.7,66.9
124.4,7.4
704.3,61.1
601.1,51.1
523.1,50.3
246.9,14.8
893.8,68.1
247.0,17.6
515.6,33.0
770.1,55.3
462.9,22.5
383.3,25.7
517.5,36.6
143.3,7.8
891.4,59.8
911.3,47.1
168.5,16.3
849.5,76.5
702.1,30.9
452.6,35.6
273.3,15.0
324.0,27.4
464.1,36.8
478.3,29.3
978.4,61.5
661.0,59.4
741.9,71.3
417.7,24.9
364.7,24.3
657.2,36.4
164.9,12.4
1050.8,60.0
1164.5,65.6
636.0,54.9
997.1,50.7
324.6,22.6
796.8,72.6
855.9,40.0
833.0,73.5
345.3,31.0
277.7,15.3
334.0,35.2
742.0,45.9
350.0,26.9
839.7,85.1
123.5,7.8
649.1,50.2
379.8,23.4
153.8,9.1
644.6,39.1
200.7,18.4
438.5,25.2
557.6,31.8
684.4,69.2
104.0,4.8
305.2,21.1
910.2,62.9
518.9,29.0
960.3,44.6
232.1,13.6
237.7,23.9
648.5,59.5
452.9,26.5
247.8,20.0
161.8,14.2
603.1,41.2
136.7,8.9
1096.8,75.5
182.5,18.6
246.3,15.0
342.1,19.2
1286.5,63.0
149.3,10.2
242.9,22.0
79.1,5.9
1011.5,73.8
983.2,63.2
474.5,34.3
747.0,71.8
878.1,41.8
732.5,48.2
696.7,39.9
71.4,6.3
794.4,41.6
859.7,56.4
408.2,32.3
1101.2,68.4
1078.6,87.4
656.0,43.7
725.9,39.0
901.1,49.7
1161.5,64.2
1177.3,58.1
132.5,11.7
955.2,59.9
1301.9,85.8
935.4,60.5
363.5,19.7
895.4,52.0
563.8,30.6
1033.3,63.8
1133.5,50.6
966.3,84.1
303.8,17.9
912.1,44.7
388.4,38.2
520.7,35.3
906.7,66.2
1155.9,65.3
580.4,62.5
1343.2,62.1
314.4,21.8
587.4,30.7
145.1,7.9
917.2,76.7
997.7,76.7
1162.2,49.7
244.9,24.1
452.7,24.3
464.0,25.9
619.0,53.6
402.6,37.3
581.0,49.1
745.8,55.8
70.1,8.0
1128.7,60.1
147.4,14.9
994.8,60.8
709.8,47.7
735.0,62.1
421.4,22.7
994.3,55.8
706.8,31.4
1076.5,74.5
854.4,81.3
885.4,50.3
674.1,35.7
261.8,15.1
985.9,74.8
455.2,32.8
207.3,14.2
150.6,9.7
447.5,40.6
281.7,27.3
371.8,28.9
303.3,17.6
748.5,72.4
1173.7,59.6
115.6,8.5
346.0,18.8
417.1,36.8
917.0,55.7
794.4,44.9
583.4,26.0
92.2,8.6
999.1,43.9
119.6,10.4
999.1,50.3
576.8,53.9
339.2,20.7
626.1,37.5
456.5,28.9
762.1,68.0
857.6,79.7
254.9,19.1
1101.2,52.1
286.5,13.7
147.6,10.4
642.0,57.4
389.6,19.2
1028.5,58.0
174.1,10.8
124.4,7.5
557.8,33.9
429.0,38.6
333.7,22.6
489.0,27.9
439.8,22.8
68.9,5.7
1237.5,82.1
1027.1,67.4
764.8,43.5
1170.3,86.1
308.0,24.1
670.5,47.4
132.4,9.9
791.6,55.1
112.5,9.1
735.6,72.7
750.6,41.6
244.6,18.3
249.6,15.9
402.9,38.4
628.9,26.6
594.1,46.0
547.9,52.9
808.2,44.2
78.6,7.5
138.3,8.5
473.8,46.1
105.5,6.8
1013.4,47.9
468.0,27.8
285.2,22.1
698.7,55.1
199.2,11.1
1092.4,63.0
650.6,41.2
247.1,18.2
951.2,71.9
181.0,13.9
451.5,40.3
596.4,35.4
88.4,7.8
616.6,32.9
646.1,53.4
727.5,30.2
191.2,10.7
484.7,69.7
178.2,12.4
282.1,19.7
300.5,21.7
1019.5,96.4
486.3,34.1
892.6,43.0
894.1,39.0
797.6,73.1
296.1,15.8
799.1,72.6
716.9,40.8
897.9,50.7
365.8,24.1
106.3,5.4
342.9,23.9
1036.1,57.0
479.2,34.9
252.9,12.4
813.1,64.2
250.8,16.9
1298.0,73.4
513.2,41.4
1181.3,55.7
539.8,28.3
885.1,72.9
434.9,21.0
621.8,32.3
158.3,8.0
1077.8,51.3
329.0,16.8
761.2,48.3
395.4,32.9
368.9,37.3
85.3,6.8
430.1,20.3
601.9,57.2
186.9,14.6
579.7,39.5
129.8,9.1
692.3,34.4
164.6,10.4
642.2,48.7
725.0,55.3
614.3,45.4
396.8,29.8
903.8,50.0
891.0,64.5
975.6,50.1
811.1,84.3
453.2,22.6
749.2,61.9
594.4,50.0
287.9,26.2
183.7,12.8
137.9,13.8
490.8,35.6
393.5,30.9
395.0,25.1
438.0,24.6
103.7,7.1
805.1,52.3
499.9,23.5
419.5,30.3
383.4,28.4
296.8,19.3
848.7,84.2
258.4,20.8
117.5,7.0
580.3,35.1
509.5,58.7
427.6,27.5
807.5,50.0
1087.4,89.2
800.7,45.4
866.1,63.0
735.0,41.5
984.3,83.2
451.6,32.1
778.3,49.3
918.8,88.3
900.9,50.8
856.0,47.6
1010.4,63.6
543.4,38.6
435.6,29.0
867.3,55.6
625.2,54.5
168.5,14.8
1113.9,68.4
163.3,13.7
568.2,27.3
356.8,22.6
606.8,35.3
1134.4,63.8
681.6,55.0
265.8,15.8
781.5,48.7
236.5,14.2
874.7,58.0
279.5,20.6
324.0,30.8
76.2,5.4
1063.0,59.3
504.2,40.9
119.1,7.7
563.6,27.3
398.3,33.5
507.5,39.1
648.2,43.9
234.2,15.5
569.2,36.6
511.1,33.5
389.2,27.0
773.7,44.9
1230.0,67.7
1113.3,92.5
641.8,46.3
717.5,62.2
475.4,19.9
497.0,29.7
737.7,81.5
252.9,22.3
530.8,41.4
223.7,15.9
527.9,23.9
182.2,13.8
262.2,14.0
215.2,13.5
679.7,48.6
946.7,62.8
499.5,29.7
822.0,90.0
163.8,15.3
197.7,12.4
1074.3,61.5
772.1,78.6
636.3,39.9
319.0,17.4
942.3,49.0
455.1,32.2
885.6,66.9
152.0,14.9
389.4,21.2
673.1,59.5
113.4,5.6
698.9,59.3
1077.1,79.4
965.6,45.0
801.0,58.8
747.8,68.4
86.4,6.0
372.4,37.8
416.3,29.8
766.2,42.4
679.4,58.5
817.9,35.0
793.8,41.1
806.0,69.8
347.5,24.0
320.2,22.5
692.7,41.6
620.1,48.9
389.0,38.9
73.0,5.5
1116.7,68.7
447.1,20.5
455.6,34.5
201.5,15.3
288.9,13.0
157.8,14.4
517.6,45.7
762.7,51.4
834.7,58.5
148.1,9.1
480.8,29.3
792.8,60.2
111.5,10.1
120.4,10.6
1066.8,51.7
112.4,6.2
640.3,40.0
998.1,93.8
584.7,43.8
607.4,39.7
124.4,6.8
871.0,63.5
382.6,31.2
310.1,18.3
560.6,46.8
614.4,32.7
117.7,8.8
430.2,27.1
742.2,73.0
931.3,64.9
720.5,54.6
638.4,55.6
187.6,10.3
139.8,10.1
1104.1,67.1
836.8,51.3
448.4,30.9
964.8,82.6
151.4,9.1
639.3,39.5
450.6,32.5
445.7,25.2
318.1,17.4
487.5,33.3
547.3,33.7
630.8,41.5
761.8,77.5
512.1,33.4
384.2,24.6
147.7,9.0
257.1,15.6
1249.7,83.8
358.2,30.6
203.5,11.9
1004.1,68.3
465.0,26.5
176.6,12.3
1060.9,49.6
775.3,65.6
715.0,47.3
1076.8,50.3
507.2,25.1
252.1,16.8
673.9,37.5
294.1,23.8
1092.1,52.3
815.2,79.9
473.9,45.3
385.7,19.0
410.4,32.0
712.5,72.3
1083.4,64.0
945.4,51.7
983.4,49.9
88.3,5.3
593.6,43.7
633.7,47.3
101.5,12.9
69.5,6.5
401.2,28.7
1119.5,59.8
411.6,27.1
809.2,40.5
788.1,54.1
186.1,18.2
747.6,51.3
82.9,6.6
124.8,11.7
448.9,36.5
508.7,27.0
431.3,19.7
394.9,24.6
860.3,42.5
299.0,23.2
881.9,56.3
284.1,23.1
500.2,29.4
172.2,10.6
1033.7,46.4
440.6,48.6
865.9,58.6
273.3,18.9
349.2,35.7
179.2,13.1
626.8,51.6
561.4,50.9
363.4,27.8
360.9,39.0
637.9,60.4
748.5,49.2
813.4,51.1
707.7,39.2
1243.5,57.5
88.2,7.7
1045.5,54.7
1050.8,74.5
316.4,29.4
849.4,64.6
154.8,9.3
213.8,10.1
1130.7,56.6
185.3,15.6
1138.8,82.9
489.4,40.8
454.3,31.8
988.6,64.1
285.4,20.6
608.3,66.6
1007.0,62.8
160.4,11.6
533.0,65.6
130.5,8.6
783.2,83.0
217.1,15.8
300.4,17.6
832.7,64.0
411.0,20.7
450.2,31.5
675.9,57.9
628.0,44.3
872.4,67.4
358.6,24.0
508.9,45.8
871.2,78.3
925.6,51.0
631.4,59.1
753.1,41.6
178.1,15.0
753.4,39.6
731.7,43.9
928.3,71.2
1166.8,75.4
282.1,16.2
180.2,13.2
593.3,46.2
569.9,26.8
668.8,47.1
1090.1,51.5
516.5,48.3
131.0,16.8
783.4,65.4
348.0,16.9
1446.0,69.3
650.1,41.2
320.9,25.9
773.3,61.4
419.6,34.2
292.5,13.8
817.4,41.0
995.0,60.9
854.5,96.4
1218.0,71.0
459.8,27.0
632.3,58.9
639.7,36.7
250.9,12.7
185.4,8.8
625.8,36.8
293.8,19.8
499.7,26.1
873.1,62.5
182.4,23.6
917.3,67.5
497.1,27.6
933.1,57.6
614.9,38.7
957.7,74.4
687.6,52.7
114.6,7.7
320.9,22.8
1307.6,59.7
912.3,74.2
642.6,45.7
212.4,13.0
850.3,66.3
1123.8,57.9
115.9,5.6
945.0,72.7
293.1,16.1
179.9,13.0
214.0,9.5
673.6,54.2
820.3,71.6
632.2,32.2
1061.5,83.5
957.1,71.1
295.7,14.3
230.1,18.0
690.3,38.5
619.1,60.7
754.9,40.2
1131.3,49.4
405.7,27.8
804.8,76.9
183.8,17.9
606.7,47.2
944.0,85.8
813.1,53.1
855.6,48.4
797.0,37.8
743.3,40.3
478.0,44.0
425.1,29.1
72.4,8.2
1218.3,81.4
331.1,26.3
271.5,24.0
148.1,9.5
534.1,49.3
671.7,50.0
376.6,17.7
958.4,56.2
907.3,56.9
849.6,56.1
263.7,17.3
554.4,47.7
271.5,20.8
970.8,51.6
792.0,79.4
317.6,22.5
1114.2,64.4
673.1,45.3
530.3,37.9
1160.8,98.2
920.1,81.7
575.4,43.9
804.4,63.1
154.2,16.2
643.5,58.3
482.4,38.7
413.4,29.7
374.9,18.6
613.1,34.9
228.2,23.6
105.9,7.1
621.6,37.6
196.2,10.8
432.2,38.9
737.4,53.3
182.1,10.8
832.7,79.6
437.5,29.7
796.7,46.0
576.7,47.2
1127.1,58.5
1087.3,67.5
621.3,32.3
520.3,26.0
932.8,71.6
630.7,38.5
265.0,12.9
545.4,29.1
1139.0,80.9
616.0,45.8
437.9,35.9
579.3,45.5
1094.5,61.2
796.5,56.0
343.0,19.1
485.8,30.6
671.8,34.8
1181.8,76.9
1256.0,67.2
307.2,17.3
713.2,52.4
930.2,59.3
704.2,49.8
745.9,47.8
238.6,11.2
331.8,15.3
326.5,27.7
184.2,11.1
909.2,66.1
230.2,16.3
565.4,34.6
103.9,5.7
331.6,24.2
943.6,59.2
1000.8,78.4
203.3,19.7
856.8,78.0
651.6,67.7
427.5,33.1
534.1,31.1
425.1,30.6
322.7,18.3
163.7,10.4
744.8,44.2
253.8,14.5
233.5,11.5
809.6,71.6
603.1,33.2
477.6,35.6
596.7,42.5
571.7,47.8
910.0,67.6
444.1,28.8
98.0,8.9
404.7,21.4
752.7,46.3
627.0,30.7
181.0,11.9
184.0,10.2
421.8,21.2
196.8,15.1
522.2,28.9
215.7,12.7
358.4,23.8
129.5,9.9
459.2,38.9
994.7,99.0
1038.5,53.3
849.6,57.3
126.5,8.3
786.0,42.4
274.0,19.2
557.8,39.4
1021.2,59.0
736.5,65.3
320.1,27.5
267.8,22.9
762.4,49.3
737.7,43.5
524.6,34.5
568.1,37.6
1083.9,69.6
1010.8,61.8
336.2,25.2
269.1,23.4
1327.0,51.4
566.5,28.3
841.2,49.9
562.4,27.6
937.5,48.2
1093.4,88.8
273.6,15.8
1108.2,56.2
833.7,71.0
794.5,88.2
532.1,36.4
905.8,61.6
1061.4,54.6
750.6,75.3
601.8,49.8
600.5,50.5
1170.6,64.5
734.3,49.4
772.3,66.6
868.2,85.4
726.5,53.7
328.8,17.7
885.5,56.7
1029.6,94.5
447.6,42.3
252.3,13.9
138.8,12.2
1206.9,63.4
521.2,31.4
619.5,37.2
752.3,56.2
280.8,14.8
288.1,23.7
392.9,19.4
337.2,30.7
261.5,17.3
473.0,26.8
677.1,47.8
968.3,53.0
687.6,52.7
375.0,37.0
264.8,19.8
659.8,37.1
572.7,51.9
546.1,47.0
537.0,37.0
731.8,44.6
217.9,12.6
709.1,52.1
347.9,23.0
296.5,26.9
332.6,18.9
333.7,19.6
1184.3,62.5
928.5,80.5
338.4,28.3
698.0,61.0
612.3,46.1
566.6,50.0
717.6,52.2
280.1,22.9
764.7,32.9
129.6,11.0
405.1,29.9
210.3,11.9
602.4,45.6
1074.3,53.5
961.3,46.6
683.1,67.6
430.6,25.0
642.5,45.3
923.0,47.8
113.8,8.4
212.5,15.2
664.2,73.9
841.6,53.4
1077.9,45.4
857.9,52.3
974.0,61.7
377.9,29.0
848.5,88.3
740.5,67.4
244.2,17.4
1216.7,78.2
667.3,47.5
571.0,36.9
908.2,78.2
546.5,51.2
826.5,46.0
658.1,28.4
790.0,37.6
413.6,18.5
841.7,61.4
460.4,22.7
662.7,58.5
398.9,34.8
122.4,13.4
605.2,45.3
505.3,45.6
1008.8,78.1
955.4,83.1
652.6,42.9
229.5,14.4
841.7,76.7
540.3,38.6
878.6,85.6
712.7,41.4
432.4,26.3
476.4,35.6
490.7,28.7
511.3,24.0
719.7,41.1
1015.3,49.1
655.0,38.3
404.5,22.5
825.9,45.0
1044.9,57.3
560.3,34.5
767.1,60.3
83.5,6.4
280.3,21.5
403.8,20.0
680.9,40.0
86.3,5.7
289.6,16.1
1156.3,67.6
495.0,35.0
904.1,95.0
981.9,73.6
885.3,49.2
535.1,38.5
104.6,7.1
333.2,33.0
1099.3,60.3
90.9,5.2
517.8,53.8
111.4,7.8
802.3,71.5
182.9,11.6
159.2,8.2
406.7,32.4
978.7,66.9
339.5,19.1
130.3,7.0
690.5,44.4
785.3,43.6
206.7,18.3
787.0,56.6
363.5,16.1
626.5,44.2
517.6,39.0
918.6,52.7
621.7,53.8
666.7,46.0
900.5,48.5
779.1,48.1
843.2,59.6
246.0,17.1
1178.3,65.7
777.8,57.8
519.5,29.5
672.7,37.4
338.3,26.8
1234.9,60.3
421.9,26.0
154.3,14.8
739.1,58.9
201.6,11.6
316.8,33.2
86.3,6.1
376.3,17.5
1087.7,46.1
171.0,14.3
1063.3,91.0
538.1,39.7
247.1,14.5
417.5,28.1
1259.0,84.8
242.5,11.5
1028.3,64.8
462.2,25.6
175.0,11.9
497.7,24.6
905.9,44.2
788.8,51.9
999.5,55.4
304.7,18.5
1037.2,41.3
392.1,28.1
551.5,52.2
197.3,10.6
988.3,54.9
731.7,49.4
192.2,15.8
623.7,32.7
829.7,55.1
422.6,24.5
164.4,17.5
901.3,55.6
842.2,51.5
697.4,44.6
224.3,14.3
1179.2,61.3
820.2,44.2
594.4,41.2
1159.4,77.0
357.6,34.2
494.1,31.9
288.4,24.8
63.9,4.5
632.2,43.5
1097.7,75.7
303.3,23.2
800.7,40.6
770.5,50.9
680.0,39.6
948.7,47.6
876.4,57.7
439.2,27.5
896.3,91.7
293.7,18.1
387.4,29.7
778.5,64.8
720.6,41.0
319.0,14.5
83.1,4.2
736.3,44.2
557.1,58.3
782.7,46.8
869.4,81.2
911.8,59.4
945.7,90.4
279.6,18.5
302.9,35.8
541.1,28.1
246.5,19.1
665.8,49.6
236.8,13.9
467.9,28.5
659.0,44.5
208.4,11.7
921.3,79.6
87.1,7.0
763.7,35.8
138.1,7.3
301.4,21.2
431.8,24.2
368.8,27.3
135.5,10.3
149.4,9.8
74.6,4.8
443.3,31.2
123.0,6.3
311.3,29.7
648.9,36.8
282.4,16.3
885.4,49.2
256.6,22.4
758.2,46.3
439.3,23.1
249.3,19.7
1078.7,79.6
681.9,39.8
239.2,16.1
767.5,71.9
249.0,18.6
827.7,78.7
539.8,41.0
92.0,7.5
851.2,71.7
311.4,24.8
973.9,65.8
373.9,24.9
1123.9,63.1
416.7,28.9
397.4,25.7
1205.9,53.6
925.5,80.1
1051.6,68.6
620.3,33.7
171.8,10.0
1131.6,71.4
324.7,26.4
96.4,8.7
901.1,66.1
410.0,24.4
579.0,36.5
1044.8,64.8
248.3,14.5
533.9,39.5
580.5,37.9
189.9,19.2
571.7,34.6
483.8,29.6
64.9,7.9
475.5,26.7
713.7,58.3
578.4,33.5
147.3,7.9
245.3,12.2
90.2,5.1
933.3,73.2
477.6,34.8
77.0,5.1
677.6,31.9
1166.9,57.0
297.4,23.5
536.8,43.3
650.2,43.1
249.7,19.3
123.9,8.4
1060.2,85.4
1039.3,67.7
118.5,8.6
157.9,7.2
277.6,20.8
1109.6,80.0
686.9,38.5
406.8,30.4
601.7,39.3
291.7,14.3
845.8,47.6
751.8,49.3
1059.5,60.9
605.5,39.9
824.4,57.1
402.1,20.0
686.8,40.0
278.7,20.3
312.8,29.8
457.0,40.1
801.8,38.0
636.4,30.4
357.3,23.5
637.8,35.4
414.3,27.6
414.3,44.4
610.5,41.6
538.6,34.1
856.2,58.0
176.9,12.4
1041.5,53.0
599.9,29.1
569.6,41.6
754.0,46.8
745.5,35.3
790.7,69.5
875.2,56.1
244.8,22.3
800.5,68.9
707.5,44.1
1197.6,73.9
779.6,54.2
428.7,20.0
155.1,12.2
741.9,54.7
227.4,10.2
1108.0,72.9
256.3,20.1
766.0,44.7
831.3,53.8
1084.7,50.0
333.8,17.8
966.6,60.3
339.2,27.9
864.7,53.4
667.8,41.5
619.7,36.2
333.8,31.4
166.3,7.9
949.7,66.0
471.4,22.0
810.2,41.1
608.7,40.0
969.8,47.6
209.1,14.7
1137.0,62.3
363.1,21.4
738.4,46.6
1487.6,65.0
723.6,54.8
283.2,28.4
975.4,62.7
73.8,5.4
497.7,31.7
1052.1,56.8
821.4,54.3
268.9,20.4
244.0,15.5
499.4,28.4
172.2,10.4
146.1,7.8
299.3,21.1
1037.6,65.2
563.2,27.5
292.4,24.7
464.9,27.2
799.9,45.2
1044.2,73.2
974.3,70.6
979.2,59.3
232.9,16.8
824.1,50.9
356.9,37.0
166.3,10.9
1055.4,69.8
921.8,78.0
137.5,9.2
385.2,31.2
711.8,42.0
858.3,52.3
988.4,93.2
1221.1,68.9
594.3,31.7
748.2,44.8
1180.2,69.2
549.0,33.6
510.8,38.2
752.9,51.2
863.7,59.0
78.7,5.7
1094.1,69.5
644.3,42.6
221.9,12.4
745.7,36.8
241.3,15.9
1109.3,77.1
666.9,55.5
889.9,66.0
528.0,38.0
1139.6,79.3
1030.1,95.5
132.9,7.7
716.2,54.8
553.1,32.9
355.7,20.3
974.3,47.1
311.5,24.2
165.2,8.6
63.4,6.5
1263.6,81.1
320.5,17.1
311.1,22.2
829.6,54.8
437.8,32.3
270.6,19.6
598.6,33.7
463.9,35.5
708.3,46.8
663.0,54.1
786.0,47.1
680.5,45.2
416.3,37.0
1123.1,87.3
201.1,13.3
570.9,29.8
705.3,58.8
1139.3,73.9
757.3,64.0
1135.4,76.2
79.5,4.5
441.0,20.6
432.5,30.6
397.8,19.2
439.0,24.4
379.8,21.9
353.8,32.0
719.0,36.1
1151.9,74.5
257.8,19.3
1271.6,80.0
1024.4,49.9
380.7,30.3
905.0,65.4
469.1,36.3
1183.9,71.3
1082.2,70.4
216.7,19.4
90.6,8.5
293.9,22.0
103.7,8.2
464.4,29.6
728.2,61.5
85.7,4.2
459.4,29.1
401.7,28.3
404.9,21.9
1064.3,59.5
544.8,32.9
744.0,48.7
969.3,52.3
318.4,20.9
740.0,66.1
852.1,42.7
567.8,36.8
939.4,47.7
157.5,13.0
785.1,71.9
488.7,26.0
933.4,43.8
99.4,6.1
857.3,70.9
165.7,9.6
184.8,15.7
413.6,25.5
1133.9,80.1
744.4,36.5
727.1,73.6
147.2,8.3
612.8,50.3
994.1,55.2
585.8,33.1
688.0,78.6
259.2,17.6
997.3,65.6
747.6,57.4
672.2,35.0
399.5,21.5
841.2,77.3
461.8,20.3
548.7,45.1
979.4,89.3
509.9,33.0
949.6,79.1
175.9,11.9
163.3,12.5
892.5,52.1
91.9,5.6
1028.6,52.6
565.7,36.0
786.7,41.9
345.5,21.4
767.0,59.5
182.2,9.5
402.7,24.4
1029.7,53.9
189.5,12.2
255.4,22.6
735.8,67.0
628.5,65.0
412.2,42.6
1105.3,83.0
876.8,84.0
135.7,8.5
1010.5,70.9
639.8,46.4
341.9,20.5
191.3,15.4
143.5,12.0
446.6,37.6
117.0,7.2
85.0,5.7
757.6,51.9
101.1,5.0
476.5,21.0
622.7,39.1
848.2,47.2
376.7,40.7
988.3,84.4
603.5,37.4
219.0,30.2
172.4,12.5
554.0,33.2
460.7,27.3
587.0,43.7
1030.6,75.1
76.9,6.3
481.9,33.3
1062.5,75.1
971.6,47.1
507.9,35.8
992.4,50.5
759.0,58.6
752.5,57.5
1033.1,52.8
777.6,52.4
252.4,31.9
562.6,26.3
820.1,57.9
942.4,51.4
1198.1,62.9
373.0,17.9
193.6,13.6
409.9,27.1
130.8,5.9
845.1,55.2
433.1,31.7
636.5,47.3
1137.9,62.0
993.1,60.6
248.7,14.4
1268.7,57.5
388.6,22.4
199.8,10.7
584.3,42.7
1099.6,67.8
536.7,38.4
617.3,53.8
331.8,22.6
97.8,7.2
197.2,9.2
431.7,29.0
271.5,15.5
273.7,28.0
523.9,21.8
108.9,9.8
684.8,49.3
323.8,24.2
359.7,27.2
1111.1,59.1
485.0,23.7
665.7,58.7
244.3,16.2
881.4,57.0
432.9,28.9
675.8,41.0
625.1,36.5
503.1,26.6
491.3,39.6
472.3,35.7
1011.8,75.9
200.6,13.4
571.0,30.4
752.6,71.0
797.9,51.8
123.8,12.2
949.7,61.1
153.0,8.1
145.4,12.8
590.5,55.4
560.4,33.3
854.1,70.3
982.8,58.8
586.0,52.9
163.2,13.3
700.7,68.4
104.1,9.3
817.0,54.4
643.1,42.8
509.3,37.8
882.1,65.4
369.1,27.7
722.9,32.0
840.5,82.0
672.2,72.6
913.7,84.8
540.0,31.7
339.7,21.7
1116.0,70.7
121.3,6.4
465.0,34.0
647.9,44.9
683.2,66.4
483.5,30.0
92.7,5.6
279.7,21.0
212.2,20.7
793.3,65.0
1080.3,52.9
1074.7,44.2
1047.9,45.0
249.4,19.9
801.8,36.8
891.4,89.1
505.9,39.5
260.1,13.5
636.4,41.0
836.2,62.4
874.8,54.0
852.5,48.1
1043.4,80.6
479.0,30.9
726.0,64.8
1025.5,60.1
917.0,66.7
902.8,40.5
1293.7,57.0
629.7,48.6
266.5,16.5
796.9,58.9
236.9,12.7
259.7,24.6
62.1,6.3
349.1,17.8
137.8,7.7
771.4,66.7
839.4,48.0
251.6,14.9
672.8,43.7
369.1,23.1
354.0,27.3
157.9,11.9
827.6,63.1
203.2,19.1
1063.0,63.4
270.6,24.4
568.4,32.3
870.0,58.8
1153.2,76.4
966.0,52.1
943.1,55.9
123.3,6.6
954.8,52.3
934.4,72.2
238.2,16.8
124.6,9.7
106.1,7.8
131.4,8.3
895.1,50.5
704.1,74.3
1022.0,53.0
441.9,29.6
486.0,41.8
127.2,9.4
393.0,24.6
295.0,22.2
798.2,76.1
173.1,8.3
508.4,33.4
117.8,10.4
661.6,33.9
460.0,26.4
550.2,36.9
655.6,50.2
656.5,54.8
167.2,9.5
609.3,40.7
700.8,54.5
781.5,37.6
349.4,24.1
722.0,48.6
860.1,51.6
866.4,57.2
776.4,51.3
895.0,65.6
1121.8,77.5
957.2,75.2
608.8,62.7
134.6,12.6
1071.6,68.7
621.0,46.9
459.1,29.5
678.7,41.5
144.8,9.4
552.9,38.6
581.1,33.2
328.5,23.1
591.7,44.2
268.8,14.0
149.5,14.3
1109.0,63.1
1239.4,55.4
1027.7,52.3
997.8,60.2
1303.1,55.8
975.0,78.6
635.7,48.9
1214.1,70.2
1088.0,62.5
731.6,43.3
295.0,18.6
739.3,41.4
565.3,27.1
358.4,31.9
663.1,61.2
784.0,73.4
77.1,5.6
180.4,10.1
159.0,8.8
381.4,28.3
662.3,51.0
671.9,46.8
644.9,47.3
808.9,64.8
884.9,85.4
80.4,6.6
892.2,65.5
256.4,15.1
99.0,6.4
468.9,45.5
940.4,66.8
633.0,43.4
358.4,19.3
77.6,7.3
495.8,37.4
247.5,14.5
228.2,23.1
488.4,25.7
587.5,75.2
402.8,29.1
67.4,4.3
92.9,5.4
302.4,25.0
78.7,7.5
978.3,72.7
441.8,39.0
452.4,35.4
153.5,11.3
718.4,66.3
296.7,17.9
300.1,16.3
969.7,75.5
486.2,24.7
370.0,27.5
612.6,32.3
285.6,17.5
649.2,38.1
292.0,26.3
867.0,71.3
298.5,18.2
221.7,15.1
1098.9,77.7
1138.9,61.1
756.6,41.4
975.7,74.2
341.9,24.1
1125.5,74.4
201.4,12.8
195.6,16.2
290.8,18.3
764.6,57.8
936.5,67.3
288.1,24.6
469.9,55.4
654.6,60.0
525.7,34.1
428.7,25.3
1059.4,72.9
385.6,24.7
286.5,23.8
501.7,40.4
998.3,73.5
704.7,73.1
780.3,52.4
902.1,56.8
494.1,42.4
948.2,53.5
905.0,62.9
707.3,52.6
1169.6,87.4
613.8,38.0
909.6,65.2
353.9,33.2
992.9,58.3
79.1,3.9
992.8,91.3
287.2,19.2
1003.3,62.9
352.5,18.3
497.7,31.6
84.7,5.3
395.0,25.0
648.2,41.3
159.5,8.4
351.3,19.1
653.6,54.6
471.7,48.6
930.0,78.8
868.9,75.8
84.4,4.6
196.1,18.2
94.7,9.0
878.7,56.9
675.7,40.5
1127.7,70.3
745.8,55.8
1069.1,82.3
1112.3,60.1
295.1,22.9
696.7,52.1
137.6,12.1
233.4,26.1
286.8,12.8
556.1,46.4
104.9,10.9
760.0,45.7
236.2,17.5
259.9,16.8
633.6,61.8
833.4,49.9
760.6,57.3
766.6,37.9
618.3,28.4
675.0,45.9
226.7,14.3
850.7,37.6
339.9,14.7
780.3,56.5
830.5,39.5
655.9,73.7
379.5,30.0
712.2,60.2
745.4,52.2
93.5,8.0
596.5,40.4
576.5,37.9
516.8,44.1
414.5,30.1
733.6,42.5
805.9,77.0
390.9,23.4
394.2,28.0
82.0,4.1
392.9,22.4
944.4,77.7
115.4,7.2
1018.4,68.3
905.6,78.0
795.0,59.2
759.9,43.0
500.6,35.3
381.9,31.0
1283.5,54.6
721.8,42.2
163.5,15.8
844.7,86.6
489.4,25.5
329.5,21.8
473.0,47.8
726.4,78.2
227.7,12.9
535.4,48.7
501.7,52.7
924.6,86.6
275.9,18.8
251.8,27.4
337.3,16.0
373.3,21.9
926.1,56.6
562.8,35.3
164.9,10.1
1157.7,58.6
1272.8,66.6
370.4,20.4
145.4,12.0
856.8,54.6
925.7,49.8
295.4,34.9
350.1,20.9
763.8,36.1
703.4,35.7
623.4,42.3
734.8,37.2
425.6,33.8
186.4,9.5
489.5,27.1
215.0,14.5
201.5,12.5
449.2,33.8
980.7,53.3
505.1,30.2
508.2,31.9
1016.1,62.4
600.6,68.0
1258.0,61.0
1091.4,61.7
794.2,59.0
854.0,44.4
554.0,40.5
386.6,19.4
467.4,54.3
379.4,25.0
866.7,88.3
557.5,29.0
844.0,46.7
241.3,13.0
756.3,47.0
370.6,29.2
754.1,39.0
350.9,29.3
200.7,17.0
481.3,31.5
659.1,64.7
177.5,9.7
791.0,51.8
575.8,42.6
153.2,7.0
210.5,13.9
980.8,45.4
330.5,39.3
972.9,57.0
532.1,33.1
755.1,71.9
636.8,64.8
269.6,13.2
217.1,16.0
984.4,77.8
844.2,49.3
600.1,35.9
103.4,5.4
713.8,44.8
1014.8,63.4
180.4,10.3
692.3,45.8
637.0,46.0
621.5,54.6
165.7,15.9
836.2,61.4
645.5,84.5
1086.2,76.5
573.5,37.6
538.3,30.1
542.5,40.5
580.8,31.1
129.6,7.7
372.6,22.2
415.1,21.6
855.5,37.3
410.5,31.1
799.0,67.5
968.0,56.1
160.9,12.8
147.7,7.8
213.2,21.6
590.2,36.1
229.9,15.0
110.7,6.5
208.7,11.7
750.4,75.2
1006.7,60.3
318.9,15.3
222.2,12.0
784.9,46.0
978.3,55.0
1205.2,85.5
431.2,34.9
356.3,31.3
537.3,48.6
348.7,31.8
480.7,29.6
426.2,22.1
612.1,44.9
423.8,39.1
469.8,49.5
822.4,50.9
387.5,18.6
208.7,10.1
777.4,69.5
830.6,72.4
517.5,32.7
349.2,21.0
221.8,10.8
960.1,72.3
683.5,57.9
890.2,54.7
426.7,27.8
324.1,27.0
1348.1,68.8
1080.9,82.3
600.7,43.2
278.5,17.1
190.3,17.4
838.5,45.6
726.0,60.7
140.3,10.5
759.4,69.7
533.8,49.1
816.3,58.9
483.7,31.3
880.9,52.5
722.3,38.6
171.1,12.2
521.8,35.5
158.7,12.5
1072.7,49.3
880.8,74.0
696.8,34.6
970.5,70.5
131.2,8.5
112.0,6.5
945.5,57.8
207.6,13.9
896.5,52.5
773.8,70.1
1322.5,90.4
833.0,54.2
593.8,58.4
309.6,15.7
184.0,10.3
195.1,16.2
840.7,50.7
673.9,35.9
408.4,37.2
1008.3,52.9
299.7,20.6
1046.7,47.6
317.4,21.1
653.0,46.1
477.1,31.9
437.6,31.4
819.3,54.3
390.0,23.3
724.1,36.8
211.4,15.5
661.1,47.1
981.1,69.0
233.1,14.3
465.7,31.8
1065.4,70.2
148.5,12.4
179.3,8.1
339.9,27.6
706.0,47.5
366.3,23.1
679.3,57.4
495.3,36.1
1050.4,80.0
893.9,49.0
755.7,36.9
787.5,50.4
375.5,21.7
239.7,17.6
875.3,52.6
194.9,18.7
131.1,10.6
850.3,63.3
1057.4,85.1
157.1,9.4
700.3,56.8
561.7,49.7
1009.1,63.7
999.8,47.8
1169.5,69.7
737.3,62.9
149.6,10.3
1157.6,60.9
95.8,6.2
740.3,43.7
987.4,99.6
578.8,40.7
1105.1,95.5
989.7,44.2
191.6,10.7
924.6,70.8
1004.4,87.5
111.7,5.6
495.3,39.7
670.0,43.6
87.2,5.9
127.2,7.1
101.6,6.6
543.9,39.8
319.2,22.1
604.0,60.0
587.2,36.0
638.3,38.7
127.0,11.0
659.7,41.6
404.6,37.4
849.7,78.4
1059.4,82.2
565.4,33.5
506.0,30.0
810.3,96.8
754.5,42.2
511.8,31.7
874.1,47.6
539.1,42.1
871.5,85.4
659.3,70.5
454.4,31.4
1062.7,53.3
106.3,6.7
734.8,61.8
296.8,22.0
183.4,9.9
325.6,23.2
624.6,37.5
577.5,55.7
1012.5,54.8
808.8,52.7
123.5,7.6
259.0,19.7
1112.1,54.0
215.0,15.9
1161.1,58.9
444.6,34.3
205.2,19.1
711.4,68.8
930.0,74.1
417.1,40.0
195.2,15.7
873.6,51.7
201.0,12.2
466.3,27.1
998.1,75.5
243.3,12.2
958.0,61.7
424.2,33.8
972.2,68.5
610.3,36.8
754.4,55.7
167.3,12.4
380.8,36.9
987.6,58.4
643.5,59.3
656.6,60.1
576.4,34.3
964.8,52.1
555.1,38.0
144.7,7.8
792.6,42.2
1076.0,90.8
267.0,20.9
523.9,43.2
296.8,14.6
892.6,88.1
126.0,7.2
532.3,42.0
922.7,88.3
276.8,11.2
366.6,23.7
803.9,52.5
116.8,8.1
415.1,30.6
426.0,34.6
237.3,15.5
293.8,14.3
312.2,15.4
956.7,55.1
467.2,25.0
457.5,47.1
500.1,26.6
486.4,39.3
361.1,24.1
341.5,23.4
849.5,52.2
399.4,28.4
132.0,8.2
437.5,32.2
556.4,38.7
1039.3,65.2
383.7,22.8
577.7,39.0
539.8,27.8
427.1,29.4
146.0,8.4
910.5,52.0
822.1,65.2
213.1,18.0
785.8,75.1
851.8,36.5
438.8,28.4
760.9,85.2
245.0,19.9
834.9,51.0
864.6,70.9
827.6,52.3
771.0,51.4
75.9,4.9
695.3,58.3
204.1,20.9
984.8,62.4
223.6,11.1
638.8,62.5
225.7,22.5
566.0,49.0
476.9,44.4
493.6,28.7
981.1,87.9
290.9,16.8
1055.0,80.8
193.4,21.5
222.7,16.0
725.1,40.6
496.9,32.5
317.1,20.8
732.7,45.2
137.6,10.0
680.3,45.0
468.6,32.4
393.0,33.0
941.7,47.6
1168.9,46.2
131.8,7.3
972.8,58.0
481.1,28.3
660.4,65.7
599.9,54.1
505.1,31.0
1091.7,42.6
307.4,36.9
826.0,89.1
682.8,45.8
314.1,20.4
719.8,46.3
240.8,11.9
520.2,63.1
473.5,30.9
902.5,50.2
264.5,15.3
1023.2,49.2
949.4,83.6
980.2,73.9
363.1,25.2
378.8,22.0
904.1,55.2
100.5,5.7
619.3,41.5
707.7,56.4
805.5,41.1
1115.5,70.3
89.6,6.4
558.4,35.4
120.9,7.5
724.9,53.4
990.1,50.4
990.1,55.9
152.2,12.6
812.2,58.3
491.2,47.6
1135.3,92.2
667.7,37.0
1133.6,67.9
378.3,24.7
915.7,81.7
251.7,18.5
312.1,28.2
1067.3,58.2
818.2,66.8
641.9,58.8
665.4,43.6
244.9,15.7
122.1,6.4
650.4,51.5
703.6,54.1
171.3,9.2
558.7,47.8
732.8,65.4
754.6,49.9
189.1,13.1
610.2,41.7
1137.0,60.7
797.9,43.7
163.7,13.1
93.1,6.5
648.7,51.2
149.2,7.8
316.0,20.6
663.4,31.5
894.0,46.3
414.3,34.5
576.3,51.1
677.3,61.2
421.0,21.1
1052.3,54.2
131.3,9.3
731.5,51.1
933.8,47.3
225.4,19.5
336.0,28.0
1023.6,60.6
722.6,34.6
331.6,32.3
461.1,32.0
792.0,42.9
845.7,68.5
305.9,23.6
69.8,5.8
976.0,55.8
457.9,39.8
795.2,60.7
239.0,15.5
329.2,25.5
1193.5,70.7
187.2,16.5
451.4,42.0
135.0,12.3
152.5,11.7
969.3,55.2
1002.1,73.8
843.8,60.0
185.4,12.0
670.3,54.3
90.1,7.5
333.1,22.0
1221.7,86.9
382.7,21.0
898.0,77.2
551.3,30.8
259.1,20.2
481.5,35.7
243.6,21.9
284.0,17.5
90.6,7.6
954.5,65.8
545.5,57.1
279.3,21.8
652.1,32.9
170.8,15.0
386.5,19.8
122.6,8.5
198.5,24.6
494.6,46.9
1087.3,55.2
298.8,15.2
674.2,68.4
245.1,17.6
972.1,69.4
785.5,63.2
598.4,29.7
142.7,12.7
728.1,46.7
678.2,45.6
103.3,8.9
899.5,58.6
247.6,15.6
1365.9,72.8
230.2,17.9
585.2,34.5
130.5,8.0
343.9,28.9
335.7,25.6
651.0,48.0
690.1,41.1
793.5,73.2
231.5,22.3
478.0,22.4
488.7,29.1
573.1,42.6
400.6,27.7
320.1,23.4
912.1,71.6
700.9,41.6
668.9,46.7
822.7,65.7
381.6,26.6
732.8,50.9
920.1,44.5
272.0,18.4
611.1,50.9
742.8,38.8
300.9,20.6
1112.0,73.5
811.0,51.2
468.8,41.6
574.3,42.7
1061.4,85.4
250.6,15.0
320.0,15.1
940.2,62.3
297.9,19.7
1017.4,62.6
326.0,18.5
1263.1,81.5
842.4,75.9
724.2,42.2
428.6,24.2
420.1,37.3
1017.5,73.8
766.9,38.3
157.6,10.0
622.3,39.4
653.3,43.4
972.1,57.6
762.3,40.6
787.6,57.2
112.0,8.9
1000.9,43.9
710.2,37.2
887.3,72.0
778.8,55.8
516.5,32.0
986.8,63.3
789.7,68.7
483.8,29.0
531.1,57.7
907.3,84.1
818.7,47.5
360.8,31.8
105.3,9.9
877.7,45.3
369.1,41.6
111.3,8.0
832.4,54.7
411.7,31.6
322.9,17.9
825.0,47.6
144.1,11.5
399.1,20.7
205.4,15.7
297.8,36.3
582.4,42.9
1056.2,70.6
528.6,43.1
747.7,66.4
411.3,28.9
225.9,16.3
1167.0,62.3
1136.0,57.5
283.4,13.1
677.8,28.6
83.8,4.3
340.1,23.8
1053.4,50.0
297.1,14.6
1090.8,89.2
758.3,43.8
409.9,23.7
84.3,6.3
437.9,31.5
673.9,52.7
92.4,5.5
806.6,53.7
826.5,46.6
647.3,46.6
934.1,63.6
176.4,17.3
136.1,9.4
232.3,19.5
160.2,13.4
904.4,49.1
520.0,37.1
451.2,33.3
177.2,10.2
1007.2,70.1
1277.2,62.6
1376.4,68.0
840.9,61.2
269.3,14.5
589.7,29.8
251.7,16.5
444.1,37.7
287.7,20.6
623.0,78.4
215.9,19.5
888.1,46.5
940.6,51.9
288.4,19.7
214.7,27.3
1046.6,68.0
703.7,51.4
576.5,42.2
344.9,26.5
880.0,75.6
369.5,40.4
366.1,26.3
190.6,14.5
577.1,32.7
770.7,65.9
139.1,11.7
96.4,4.2
785.5,42.8
547.5,27.9
235.4,14.5
293.5,18.8
503.6,28.3
74.6,4.6
639.3,49.7
486.8,30.3
536.9,34.4
936.9,55.6
85.8,4.0
723.5,48.8
492.1,31.4
296.6,20.8
472.6,26.8
663.6,42.2
238.3,25.9
1079.4,84.7
435.1,33.3
686.2,39.6
613.2,50.9
386.3,22.7
105.4,5.5
212.9,12.5
1454.8,74.0
96.9,6.6
1017.4,77.7
929.2,46.6
1134.9,78.1
411.8,32.4
293.1,23.5
407.5,27.4
655.3,76.1
131.0,9.8
1007.0,66.4
76.9,4.5
713.0,36.4
321.3,19.6
944.2,68.8
306.9,21.9
459.5,26.4
260.5,13.6
367.7,24.5
884.6,53.0
783.8,35.5
372.0,24.1
743.2,77.3
141.7,10.1
1059.5,75.2
818.1,70.1
953.3,72.0
968.5,67.3
611.6,40.2
279.6,18.6
486.6,29.7
509.5,32.3
1108.1,91.0
1158.2,77.6
540.3,44.7
199.9,11.9
188.1,15.5
137.0,10.9
1051.2,79.3
373.0,17.4
657.2,38.7
88.5,8.5
585.8,50.3
175.2,12.3
377.4,28.9
574.4,80.8
150.5,10.1
265.7,13.9
1311.2,77.6
1220.5,58.8
716.3,35.3
1369.6,50.9
773.0,57.7
752.4,56.8
148.6,7.9
130.1,7.9
775.5,40.5
122.0,7.2
935.5,72.7
952.9,60.3
281.9,15.3
254.6,14.9
453.6,25.1
486.4,41.6
1055.9,60.6
488.2,27.8
172.0,13.5
849.0,45.1
72.9,7.1
724.4,40.4
572.7,50.3
838.7,67.3
95.8,4.9
866.4,45.9
297.2,20.1
274.8,22.0
1025.1,50.1
792.7,45.4
396.8,26.3
166.2,12.0
265.7,19.5
260.7,16.9
630.3,59.4
206.3,16.2
807.4,46.7
696.7,48.4
746.6,42.8
786.7,58.1
1055.6,50.2
1461.5,60.4
344.9,20.2
574.2,37.2
449.1,35.9
927.8,55.2
888.1,64.7
453.1,23.0
259.6,15.9
562.4,48.2
901.7,72.1
294.1,21.2
522.2,43.4
1037.5,77.5
129.6,8.1
302.5,22.6
424.7,38.1
675.1,44.7
207.2,12.3
892.5,59.4
878.3,56.3
850.5,80.3
254.5,14.7
101.3,6.7
432.3,20.7
137.5,6.6
487.8,25.2
687.3,67.8
205.0,11.1
968.2,71.1
919.5,62.6
327.2,21.6
250.7,15.2
980.4,77.9
219.2,19.5
875.4,49.0
492.8,22.2
753.0,55.3
1214.1,69.6
381.8,21.6
850.1,44.9
634.6,40.9
719.1,47.2
202.5,12.3
108.7,6.3
554.5,38.9
407.1,21.4
86.2,4.6
486.9,28.2
910.3,71.8
1081.1,58.9
422.9,21.1
367.9,35.2
734.8,47.4
503.4,43.5
741.5,69.4
471.9,35.5
854.2,40.4
850.1,72.2
341.9,31.1
533.4,32.1
420.5,38.4
437.5,21.9
581.4,30.5
742.8,36.4
892.2,49.1
797.6,58.6
519.7,48.3
342.5,21.1
437.3,25.0
648.7,37.7
602.2,63.8
711.9,39.6
556.9,45.6
405.3,26.1
275.9,12.7
652.7,45.2
694.7,40.9
413.2,35.3
503.5,26.4
468.2,41.1
1232.0,61.4
64.1,7.7
416.0,21.2
874.9,54.6
471.9,36.5
160.7,12.0
447.3,30.8
775.2,88.1
1015.1,69.0
804.7,49.3
318.4,28.9
665.5,44.5
185.3,10.7
537.3,55.5
650.9,70.9
818.9,43.9
643.6,45.4
1484.5,82.1
600.5,41.6
858.3,62.0
621.1,55.1
879.0,38.4
696.5,40.4
499.8,47.0
579.0,35.3
178.5,12.3
477.8,26.9
90.1,5.9
695.8,38.1
345.4,37.6
592.7,29.7
457.3,24.1
94.1,7.7
1253.2,53.9
629.8,26.7
589.7,50.0
718.3,56.5
148.0,13.5
805.9,79.6
877.3,64.5
448.6,33.9
561.9,24.2
206.5,14.1
1329.1,89.1
363.9,21.9
768.3,53.1
780.0,51.3
233.2,12.9
303.8,17.0
936.3,58.1
599.5,42.1
108.6,8.0
248.7,19.7
1082.5,59.1
201.7,11.8
1068.5,63.4
218.7,17.9
600.0,69.3
164.3,10.6
728.6,36.1
575.7,35.9
816.1,50.3
621.3,37.2
865.3,72.1
448.0,32.4
105.8,7.3
650.9,47.5
190.8,9.0
467.2,48.1
86.7,4.7
323.2,25.7
373.1,19.8
140.4,8.8
1047.7,61.2
94.0,8.4
692.8,49.4
448.5,19.6
585.7,35.0
535.0,40.5
570.1,50.8
1105.5,83.4
873.5,51.0
585.0,31.2
537.6,50.0
1126.5,54.0
82.9,8.0
642.8,37.2
749.1,42.6
750.8,67.3
586.7,31.7
83.8,4.2
134.5,8.2
774.7,51.2
710.8,53.6
190.3,13.7
292.8,17.7
419.6,24.8
721.7,39.4
1145.2,79.0
828.1,67.3
220.2,15.9
576.9,47.0
158.1,10.6
573.6,40.0
956.2,43.0
186.2,14.7
948.6,59.5
461.5,31.8
713.9,46.8
172.0,13.4
844.9,50.2
498.1,41.8
541.2,25.2
386.0,27.9
481.4,34.9
450.1,36.9
795.5,44.4
808.0,37.5
131.3,9.1
893.7,56.7
316.3,20.9
435.3,43.8
845.1,42.2
576.8,37.8
578.8,37.9
410.8,25.3
106.3,7.7
619.5,38.1
843.3,52.6
933.4,60.0
822.2,41.2
872.5,63.2
331.5,21.4
206.9,16.6
649.8,38.4
582.7,32.8
831.5,45.8
753.1,65.7
1007.0,72.5
744.2,52.8
272.0,29.8
145.2,8.5
408.4,22.8
212.7,13.0
905.5,72.5
855.8,55.7
530.7,39.8
1053.9,73.5
169.7,12.9
645.7,37.2
173.0,14.2
781.6,78.3
1309.0,71.0
609.6,52.7
390.6,32.9
230.8,18.3
390.6,30.3
343.1,28.3
1055.7,61.7
112.0,7.4
530.6,51.1
715.6,36.5
824.5,46.4
599.6,49.0
1191.9,48.3
1070.5,57.7
910.7,75.1
770.2,58.0
652.3,67.8
500.6,28.5
1075.3,50.6
250.9,17.9
659.2,40.9
436.7,34.3
732.7,36.4
705.9,37.5
1247.1,71.8
751.0,52.4
785.3,61.3
195.1,13.9
207.7,14.3
147.3,11.6
460.5,33.3
186.8,14.5
892.3,49.9
615.6,46.6
209.8,11.0
530.7,37.0
283.4,18.2
1349.2,53.5
337.4,27.5
581.6,44.1
659.0,43.8
847.9,55.2
758.4,62.9
1032.5,63.4
428.9,42.5
597.8,46.7
943.3,59.6
113.4,8.9
710.1,47.8
301.3,20.0
342.9,27.0
881.1,76.7
383.1,27.4
627.7,54.5
989.6,65.5
1259.5,85.6
277.8,19.4
714.5,63.4
104.0,7.9
527.0,43.0
721.0,42.9
582.7,37.7
387.0,23.4
495.4,33.1
1140.8,74.7
1129.0,71.8
115.2,6.9
728.9,60.2
838.0,89.0
800.1,51.1
546.9,32.0
826.7,65.7
924.5,65.3
825.9,52.2
645.0,49.8
530.5,24.7
900.3,56.5
934.4,91.1
860.9,40.2
861.5,76.1
650.8,53.7
250.1,15.0
319.2,22.2
1082.9,63.1
877.4,52.9
345.6,19.0
153.7,10.9
1076.0,58.4
960.6,44.4
615.1,34.2
751.7,57.9
326.2,14.6
718.7,45.4
361.7,19.5
142.6,7.1
201.7,11.5
659.5,42.4
471.8,31.2
242.9,22.9
171.3,13.9
213.3,21.7
487.0,36.0
303.2,19.4
367.0,20.0
676.3,41.0
705.2,60.2
174.5,14.3
766.0,43.4
1046.4,53.5
728.7,46.8
583.6,56.1
776.5,70.2
174.0,23.2
595.2,34.0
493.9,47.6
871.1,79.7
278.7,14.2
113.1,8.3
717.4,39.2
499.6,36.9
370.9,21.4
132.4,8.5
620.7,36.9
810.0,59.5
347.3,18.2
398.5,23.9
688.6,57.5
1101.7,73.3
1187.7,52.9
797.8,40.4
527.6,36.4
487.0,44.6
321.0,15.6
895.3,81.9
692.4,45.1
391.4,27.0
584.8,51.5
818.9,51.5
333.2,25.0
122.1,6.3
124.0,6.5
431.5,24.6
851.6,61.2
241.0,16.6
669.9,59.8
358.5,19.5
597.8,36.5
654.8,37.1
736.9,74.8
823.3,54.3
875.1,44.3
420.2,27.1
1130.0,59.2
318.9,25.5
71.8,6.9
280.9,22.8
949.7,80.3
829.6,47.3
488.5,28.1
867.9,51.0
278.0,14.0
178.0,15.5
990.1,56.2
593.5,34.3
430.1,43.0
837.2,45.7
832.5,80.8
1139.7,71.3
268.1,24.3
601.0,49.6
499.4,33.0
253.0,19.3
1137.4,57.4
828.3,71.5
986.9,63.3
460.6,41.4
745.8,82.2
455.3,27.2
1188.6,59.0
396.6,25.9
124.4,8.3
343.5,22.7
357.6,19.7
424.8,22.2
560.1,28.3
251.6,19.2
1263.3,57.6
223.4,13.8
687.9,62.2
458.5,61.6
258.8,22.2
587.2,30.9
448.8,41.5
630.2,30.7
974.5,66.3
716.3,34.2
1062.3,56.5
238.6,15.0
331.6,22.2
212.6,18.4
573.1,39.0
110.5,5.3
795.8,46.9
359.9,34.8
618.9,33.7
753.7,65.9
249.2,14.4
383.8,27.7
193.5,8.6
904.1,64.5
588.2,40.9
425.2,21.7
210.7,14.4
643.6,33.1
257.3,22.0
216.7,13.4
896.3,53.7
728.2,62.4
394.2,17.7
1378.9,78.0
967.1,66.2
77.7,4.4
120.5,8.0
105.4,8.6
190.8,19.2
594.9,40.8
975.7,53.6
779.6,52.0
97.1,8.1
1128.6,68.2
710.3,45.6
223.6,22.4
147.5,10.3
169.9,9.4
263.0,16.5
1050.0,72.2
973.0,63.9
1113.0,44.5
425.4,41.6
847.0,87.7
485.9,39.2
94.3,6.5
652.9,32.1
531.1,33.8
139.3,6.5
94.5,7.4
735.5,46.4
486.7,39.5
510.6,22.4
721.1,64.2
959.3,55.4
247.8,13.4
840.7,50.8
781.0,41.4
107.9,5.9
1078.5,62.7
206.6,14.1
745.1,62.2
121.6,6.2
727.8,77.5
285.8,20.1
736.3,64.5
758.3,54.7
727.5,50.4
561.4,42.6
609.2,35.1
1298.0,94.0
381.2,36.4
100.6,8.8
967.9,55.0
1185.9,63.6
117.8,8.0
489.4,38.9
575.8,48.0
215.0,9.1
193.7,19.6
759.2,48.4
413.3,29.2
992.9,48.4
939.3,77.8
871.8,40.9
281.8,19.1
217.6,9.9
514.3,46.7
635.6,36.1
121.5,9.4
894.3,53.2
230.2,14.1
650.1,48.2
927.4,50.9
219.4,14.5
494.1,40.1
475.9,34.8
920.2,55.7
1042.6,77.7
925.4,66.2
160.7,10.3
378.3,30.4
656.7,39.0
303.4,29.6
521.1,36.9
265.2,18.0
438.4,31.7
210.4,12.5
866.0,43.1
673.9,51.9
453.2,36.6
414.7,32.4
972.8,69.9
134.0,10.8
900.4,72.1
140.6,8.0
561.0,35.7
304.6,21.0
103.1,6.2
558.7,44.3
388.7,22.6
242.7,17.2
830.7,44.2
1050.8,76.2
1071.6,68.8
156.6,11.8
153.2,11.5
366.7,19.6
612.2,31.2
559.1,57.6
513.9,22.5
471.6,40.3
537.4,35.5
746.3,46.3
472.9,39.8
772.9,60.2
979.3,75.2
90.8,7.0
1022.1,79.0
766.9,48.3
663.3,72.5
400.3,23.3
638.4,33.0
697.3,43.5
860.9,59.2
295.0,17.1
79.8,6.2
84.6,7.6
846.7,45.0
171.9,9.2
418.0,33.1
284.6,33.7
814.3,48.3
1014.2,83.3
308.0,26.2
423.8,33.2
422.4,31.3
678.5,62.8
491.2,23.9
285.6,13.3
86.4,8.3
698.7,41.1
965.2,83.1
232.7,11.8
831.8,45.9
871.7,55.8
830.8,53.0
928.1,84.7
751.3,78.4
1102.3,55.6
962.4,57.5
134.0,8.1
312.6,21.8
824.6,61.2
326.4,27.4
534.0,33.3
374.4,32.5
777.6,58.4
177.4,10.2
732.1,77.7
202.4,13.9
267.0,27.2
364.9,20.1
78.2,6.8
608.9,58.1
546.4,33.4
1064.8,67.8
824.8,44.7
224.6,12.3
701.1,42.6
446.4,30.5
1206.8,56.2
1060.8,59.1
787.5,46.9
1076.9,59.0
620.5,40.4
379.5,22.1
513.0,41.3
436.2,21.0
444.2,24.4
740.5,65.1
135.8,12.0
865.8,47.2
909.1,65.0
744.6,62.1
486.1,31.2
566.3,34.5
1111.3,55.9
821.3,59.3
768.5,44.7
635.8,35.4
581.1,24.9
302.8,20.9
211.9,15.9
1202.6,63.8
867.3,71.7
476.3,24.5
691.7,56.2
952.0,57.4
788.5,56.0
1023.2,56.5
456.9,23.5
312.4,22.7
918.4,46.6
261.8,17.0
765.8,48.1
949.4,65.0
246.4,14.3
305.5,26.5
809.4,42.8
298.3,26.7
476.7,23.4
567.2,45.9
690.4,32.7
1039.5,63.4
203.8,12.5
514.4,35.1
150.8,9.7
681.1,49.5
70.0,5.5
784.9,63.5
863.8,49.9
230.0,23.3
319.5,16.3
948.6,71.1
879.8,70.6
861.9,73.8
322.0,19.7
390.5,28.7
237.3,16.9
1141.9,50.4
598.5,58.1
996.1,59.3
879.7,50.2
429.8,46.8
1086.3,72.7
632.5,32.8
1114.7,66.4
90.2,7.3
634.8,41.2
445.3,30.7
635.4,39.0
283.8,14.4
570.0,46.1
931.3,56.3
755.8,44.2
618.9,50.4
810.1,50.3
246.3,14.8
110.1,8.7
131.6,10.7
563.4,52.0
217.7,15.3
248.7,18.0
239.6,17.9
583.2,43.1
882.7,68.3
446.2,18.9
1182.6,67.3
969.4,68.2
246.2,23.3
600.9,31.1
357.4,25.5
816.5,54.6
1104.5,53.0
731.9,55.6
58.5,5.0
90.1,10.1
372.2,19.1
154.0,10.5
299.4,26.7
893.2,47.5
799.5,52.1
228.6,13.0
868.9,54.0
629.3,35.5
88.1,5.9
72.3,5.4
587.0,34.7
996.8,79.8
110.6,12.1
825.3,43.3
390.1,21.3
609.0,34.5
886.3,56.3
327.9,25.3
699.9,36.2
706.1,33.3
915.0,54.1
133.6,10.8
121.9,8.7
1009.9,62.7
827.9,71.7
860.7,53.4
794.4,37.6
598.4,43.5
270.2,24.6
758.9,42.9
84.2,5.3
966.1,54.1
1104.0,62.7
456.8,29.7
343.5,23.8
785.5,71.5
565.8,63.1
411.7,26.9
186.4,10.2
246.7,16.5
450.7,31.8
464.3,30.2
717.4,39.0
602.8,76.1
559.7,42.0
485.0,39.9
108.7,9.2
620.6,71.1
336.0,19.8
288.5,22.7
223.5,15.7
633.1,40.4
909.6,47.2
842.4,62.3
328.3,22.2
770.3,78.9
360.1,32.0
814.0,51.1
323.9,20.6
764.6,39.6
617.4,40.2
740.3,69.4
640.2,47.7
561.7,32.5
460.9,26.2
578.5,41.4
838.1,67.6
744.5,34.9
789.0,56.8
815.5,62.4
799.5,44.5
292.9,23.7
169.3,17.2
823.8,48.0
386.3,33.8
441.5,23.7
227.3,13.1
361.1,27.2
453.8,23.9
202.4,14.2
889.8,80.3
516.8,27.4
154.3,12.6
975.0,63.0
673.9,40.2
71.9,5.3
618.2,39.6
627.7,42.4
249.5,12.3
947.8,74.1
1321.0,62.1
999.2,55.5
1004.5,58.9
411.7,30.4
675.4,47.4
1430.0,83.4
980.8,75.0
960.3,62.3
298.2,18.1
293.7,29.3
950.9,65.8
939.4,61.2
586.6,51.5
818.3,41.3
987.4,47.8
538.0,29.8
568.7,34.3
453.1,21.5
1174.4,62.3
238.5,20.2
413.8,40.3
722.3,39.1
188.7,20.3
1024.5,64.2
153.4,8.8
482.6,36.6
389.7,32.6
752.0,43.0
1038.2,75.9
302.7,12.6
258.7,19.2
582.5,26.0
402.4,22.2
1183.8,47.0
370.4,25.3
644.5,36.2
926.9,50.1
711.3,38.8
765.7,57.0
264.7,14.1
565.7,40.1
603.7,33.5
1011.6,51.2
911.0,57.7
187.9,17.0
180.5,12.7
498.9,42.4
195.1,12.3
403.4,28.2
754.8,60.5
237.8,15.5
791.0,46.3
223.6,14.2
94.4,6.5
309.0,17.6
392.9,25.7
850.6,54.8
677.9,38.6
357.5,29.0
731.4,40.3
559.0,52.9
528.4,30.5
491.8,26.0
597.1,52.7
558.5,27.6
557.0,44.4
480.0,27.4
407.7,31.5
598.1,47.2
785.4,74.2
179.0,15.7
770.9,45.8
903.9,54.0
302.6,17.6
515.4,37.2
820.1,47.2
92.3,9.3
406.0,29.8
824.4,44.8
990.0,58.0
1121.9,49.7
209.0,12.4
699.9,38.0
653.4,49.5
511.0,30.0
1239.6,80.1
166.7,19.1
661.8,38.6
429.4,29.4
514.0,32.5
578.6,30.5
466.5,37.0
484.7,33.8
498.9,43.2
570.1,32.3
261.0,17.0
573.3,37.3
775.1,35.6
987.6,48.0
142.4,13.2
358.4,28.3
269.9,24.1
562.4,40.1
941.2,59.1
64.9,5.5
166.0,8.9
1152.5,70.9
284.8,20.5
138.0,9.3
612.1,48.2
486.3,19.1
438.2,31.5
759.6,49.6
850.1,65.5
257.5,19.3
996.6,58.9
785.3,52.3
1404.5,58.6
552.0,54.6
1223.0,59.5
719.9,48.2
605.3,33.2
289.5,20.3
126.5,7.4
1041.7,74.2
251.6,17.3
1068.5,78.4
199.9,13.4
977.0,69.9
871.2,68.2
308.3,22.6
537.8,43.3
494.1,40.0
618.4,45.5
538.4,33.8
109.7,9.0
506.5,30.8
334.1,26.7
422.6,30.8
448.6,36.6
492.5,36.7
846.0,45.7
794.8,71.8
850.1,61.2
750.9,51.8
347.2,20.9
159.5,10.1
866.5,49.1
159.3,10.7
421.5,30.6
924.1,54.4
738.7,61.0
376.1,23.2
724.1,54.0
291.3,22.3
102.1,8.4
59.6,4.4
947.3,65.4
399.7,30.7
622.8,66.0
251.5,21.8
478.3,31.6
227.5,17.1
231.7,12.1
1022.6,72.6
700.0,38.8
398.4,40.8
394.7,26.2
949.4,82.6
800.8,44.6
388.7,34.3
133.8,7.9
190.4,13.0
331.3,19.3
109.3,6.5
1198.7,56.0
290.4,21.6
386.2,26.9
720.9,80.3
138.8,7.1
135.1,7.3
303.1,17.7
389.0,29.7
982.3,57.2
262.8,26.7
363.5,23.7
159.6,10.9
155.5,11.3
971.5,62.3
221.8,17.6
1044.2,64.8
545.6,29.5
358.6,28.9
405.5,22.0
552.4,51.6
956.8,61.6
813.2,74.7
1186.3,59.8
417.5,24.5
867.9,47.6
411.4,25.9
381.9,29.9
675.6,46.9
233.1,13.2
496.5,36.9
961.2,58.4
557.6,29.4
761.2,63.5
434.2,37.5
502.2,24.0
467.1,33.7
185.3,10.3
67.9,6.6
263.9,13.9
1297.4,94.6
993.4,76.7
441.0,32.3
837.8,75.0
1115.0,48.6
321.8,19.7
670.3,45.8
992.4,63.0
1013.8,69.0
815.5,53.3
88.6,5.8
501.0,23.9
813.4,41.8
221.0,17.3
1053.9,70.3
1131.0,54.0
840.6,57.1
571.1,50.3
897.6,50.4
1252.0,50.4
939.7,45.6
433.1,26.9
155.2,9.6
645.7,51.0
577.4,32.7
564.9,31.9
152.5,15.5
69.9,8.1
937.2,63.5
451.7,34.2
497.7,41.3
373.5,21.0
888.5,72.7
287.7,18.4
168.4,11.2
168.3,9.6
634.7,32.3
1004.7,66.1
701.2,51.5
614.1,42.3
296.3,21.3
765.7,50.3
517.5,23.3
1026.0,82.3
465.4,35.8
287.0,22.1
776.0,54.4
735.7,38.0
768.0,47.4
999.4,64.7
76.1,6.3
629.8,33.6
336.5,28.7
290.5,20.5
291.2,14.4
856.5,48.8
718.6,53.6
538.5,30.8
688.6,33.3
380.1,26.2
1380.8,87.9
504.7,44.0
395.7,20.3
516.4,27.7
360.9,20.8
95.3,6.2
745.0,60.8
614.3,41.5
489.8,32.0
320.7,19.1
922.8,55.4
452.4,28.4
181.7,11.1
407.1,26.3
895.2,54.6
1045.3,57.9
659.3,42.7
95.0,11.5
518.3,35.0
939.1,72.1
1233.7,72.0
1087.3,62.7
638.7,48.1
105.5,5.7
1013.1,49.6
349.6,25.1
110.6,12.4
752.0,63.6
996.1,50.9
575.8,46.6
144.3,13.3
861.8,43.1
526.5,33.6
994.5,48.6
389.1,34.1
972.8,55.1
628.3,35.5
117.6,11.1
77.5,5.5
486.3,26.2
627.2,28.2
488.3,44.2
209.9,18.0
741.0,47.6
536.0,26.9
1158.6,65.4
242.9,19.4
511.5,24.1
381.4,35.6
166.1,13.4
1034.7,58.6
495.6,31.4
895.9,67.9
157.4,9.9
300.0,25.4
154.1,12.3
765.4,44.0
282.7,20.1
1029.3,83.3
820.9,61.0
579.1,31.4
1035.5,56.6
1182.3,54.8
259.0,15.9
922.7,59.6
327.9,18.4
215.8,19.4
494.2,27.8
569.0,35.4
380.7,23.6
221.7,11.0
99.3,4.3
469.9,30.5
300.1,16.2
504.9,37.4
450.5,35.1
110.1,6.2
108.1,8.2
332.2,22.9
105.5,5.6
633.4,82.5
628.8,60.3
321.1,23.5
649.9,38.3
595.7,64.3
231.1,14.5
176.3,10.4
950.7,82.8
787.2,43.7
315.4,19.7
325.9,26.9
708.6,52.4
213.2,18.9
509.5,25.7
395.2,30.0
296.0,20.9
402.8,25.2
577.5,54.8
635.2,42.8
1061.3,54.3
814.1,51.5
423.7,30.2
237.6,13.3
543.1,30.0
1282.5,67.9
665.9,44.5
748.0,66.5
1208.6,71.6
1016.7,70.7
198.1,11.9
655.5,48.0
145.5,11.0
529.9,29.2
210.3,11.6
277.0,18.6
210.2,14.3
1034.3,49.4
336.2,18.0
548.8,26.4
1066.9,72.4
188.2,15.4
451.3,32.5
404.5,25.1
516.3,30.7
469.0,43.9
527.0,29.6
418.5,44.2
443.7,40.9
227.0,15.1
236.7,21.2
217.6,17.2
803.6,51.3
324.7,25.6
1092.9,89.1
605.2,36.8
1112.8,55.0
624.5,37.1
216.1,14.1
808.6,56.1
546.6,49.7
180.0,9.0
548.5,44.3
579.8,34.7
646.6,46.1
98.5,7.2
434.9,31.2
170.5,11.1
114.8,10.0
447.3,32.0
1021.5,54.3
608.0,66.7
161.3,11.0
400.3,33.9
384.4,28.5
353.5,24.8
436.8,36.0
796.5,42.1
347.9,27.7
467.3,22.1
846.9,46.6
670.4,45.4
762.7,38.6
708.3,59.6
634.5,30.1
566.3,31.9
633.8,49.1
211.0,13.8
912.7,66.6
677.7,66.2
178.6,15.0
399.0,29.1
426.8,25.1
953.6,51.4
428.0,33.7
612.8,40.9
1002.0,78.6
402.4,31.6
88.8,4.5
928.6,58.2
414.7,22.8
287.4,26.7
385.5,21.4
854.2,40.2
285.4,14.5
910.9,56.4
1139.3,89.0
756.3,45.3
758.6,49.2
85.7,9.3
422.4,32.7
410.6,31.4
850.6,93.4
836.2,76.6
812.9,65.5
389.9,20.5
932.0,46.7
809.7,59.2
329.4,20.6
188.8,11.9
894.7,42.3
513.3,49.4
334.8,33.3
129.6,8.6
980.1,60.1
917.1,50.9
561.3,37.8
953.8,52.7
1059.6,72.1
499.7,48.3
735.4,63.6
628.5,50.6
415.4,29.9
1106.8,59.2
654.1,48.6
945.5,67.0
83.1,4.6
527.5,36.5
475.7,28.9
1091.7,77.0
1028.7,45.7
251.1,20.0
485.7,34.5
574.6,31.2
460.6,30.7
559.5,48.6
421.3,20.8
837.3,48.3
298.1,19.7
675.5,42.2
177.8,11.3
105.7,11.7
969.9,56.5
459.7,29.6
97.1,9.6
522.7,27.7
882.3,63.4
205.5,19.0
1321.4,53.1
899.1,82.1
961.3,74.6
163.4,8.9
278.6,27.4
239.3,20.3
676.6,64.5
1088.6,51.1
514.0,35.9
603.7,54.9
1001.2,55.1
688.0,35.8
836.7,50.0
758.9,49.6
925.1,46.2
863.0,56.2
262.6,14.5
268.7,16.3
760.0,49.2
275.4,23.8
218.4,13.0
885.8,82.0
922.6,75.0
203.5,13.5
890.2,68.2
1158.8,87.1
548.7,53.6
547.9,38.8
462.0,22.0
351.3,25.2
565.3,32.0
661.0,42.3
620.6,49.3
202.5,10.7
438.4,35.3
103.9,9.0
103.1,6.2
454.8,31.5
279.9,19.5
550.7,47.8
995.1,74.3
848.6,68.4
586.8,51.0
551.2,47.6
909.0,48.7
571.3,59.1
75.8,4.2
813.5,51.0
480.5,26.3
228.7,15.1
415.5,35.6
759.1,53.8
526.4,47.2
828.0,43.5
945.4,69.1
385.3,16.1
820.1,52.6
532.0,33.8
575.3,37.1
1019.6,92.0
559.0,40.7
256.4,13.1
654.1,47.0
101.7,8.2
157.1,16.5
160.7,17.4
326.3,22.9
749.3,48.5
362.4,30.7
993.2,81.4
373.9,30.2
383.5,31.5
434.5,26.4
1027.5,51.1
692.4,42.0
137.2,10.2
250.8,20.8
137.6,10.9
759.8,78.7
663.9,33.6
1382.2,62.3
787.8,51.7
720.5,43.4
107.0,6.1
347.7,16.0
249.9,18.1
933.8,60.9
761.5,49.4
676.2,73.0
642.6,59.9
1180.7,69.3
1183.0,56.9
341.2,31.3
149.7,11.3
622.4,37.4
