idPartido,temporada,division,jornada,EquipoLocal,EquipoVisitante,golesLocal,golesVisitante,fecha,timestamp
36306,2017-18,1,1,Valencia,Las Palmas,1,0,18/08/2017,1503007200
36307,2017-18,1,1,Leganes,Alaves,1,0,18/08/2017,1503007200
36308,2017-18,1,1,Celta de Vigo,Real Sociedad,2,3,19/08/2017,1503093600
36309,2017-18,1,1,Girona,Atletico de Madrid,2,2,19/08/2017,1503093600
36310,2017-18,1,1,Sevilla,Espanol,1,1,19/08/2017,1503093600
36311,2017-18,1,1,Levante,Villarreal,1,0,20/08/2017,1503180000
36312,2017-18,1,1,Atletico de Bilbao,Getafe,0,0,20/08/2017,1503180000
36313,2017-18,1,1,Malaga,Eibar,0,1,20/08/2017,1503180000
36314,2017-18,1,1,Barcelona,Betis,2,0,20/08/2017,1503180000
36315,2017-18,1,1,Deportivo,Real Madrid,0,3,20/08/2017,1503180000
36316,2017-18,1,2,Real Sociedad,Villarreal,3,0,25/08/2017,1503612000
36317,2017-18,1,2,Betis,Celta de Vigo,2,1,25/08/2017,1503612000
36318,2017-18,1,2,Alaves,Barcelona,0,2,26/08/2017,1503698400
36319,2017-18,1,2,Levante,Deportivo,2,2,26/08/2017,1503698400
36320,2017-18,1,2,Las Palmas,Atletico de Madrid,1,5,26/08/2017,1503698400
36321,2017-18,1,2,Girona,Malaga,1,0,26/08/2017,1503698400
36322,2017-18,1,2,Espanol,Leganes,0,1,27/08/2017,1503784800
36323,2017-18,1,2,Real Madrid,Valencia,2,2,27/08/2017,1503784800
36324,2017-18,1,2,Getafe,Sevilla,0,1,27/08/2017,1503784800
36325,2017-18,1,2,Eibar,Atletico de Bilbao,0,1,27/08/2017,1503784800
36326,2017-18,1,3,Leganes,Getafe,1,2,08/09/2017,1504821600
36327,2017-18,1,3,Valencia,Atletico de Madrid,0,0,09/09/2017,1504908000
36328,2017-18,1,3,Real Madrid,Levante,1,1,09/09/2017,1504908000
36329,2017-18,1,3,Sevilla,Eibar,3,0,09/09/2017,1504908000
36330,2017-18,1,3,Barcelona,Espanol,5,0,09/09/2017,1504908000
36331,2017-18,1,3,Villarreal,Betis,3,1,10/09/2017,1504994400
36332,2017-18,1,3,Deportivo,Real Sociedad,2,4,10/09/2017,1504994400
36333,2017-18,1,3,Celta de Vigo,Alaves,1,0,10/09/2017,1504994400
36334,2017-18,1,3,Atletico de Bilbao,Girona,2,0,10/09/2017,1504994400
36335,2017-18,1,3,Malaga,Las Palmas,1,3,11/09/2017,1505080800
36336,2017-18,1,4,Eibar,Leganes,1,0,15/09/2017,1505426400
36337,2017-18,1,4,Getafe,Barcelona,1,2,16/09/2017,1505512800
36338,2017-18,1,4,Betis,Deportivo,2,1,16/09/2017,1505512800
36339,2017-18,1,4,Atletico de Madrid,Malaga,1,0,16/09/2017,1505512800
36340,2017-18,1,4,Levante,Valencia,1,1,16/09/2017,1505512800
36341,2017-18,1,4,Las Palmas,Atletico de Bilbao,1,0,17/09/2017,1505599200
36342,2017-18,1,4,Girona,Sevilla,0,1,17/09/2017,1505599200
36343,2017-18,1,4,Real Sociedad,Real Madrid,1,3,17/09/2017,1505599200
36344,2017-18,1,4,Alaves,Villarreal,0,3,17/09/2017,1505599200
36345,2017-18,1,4,Espanol,Celta de Vigo,2,1,18/09/2017,1505685600
36346,2017-18,1,5,Barcelona,Eibar,6,1,19/09/2017,1505772000
36347,2017-18,1,5,Valencia,Malaga,5,0,19/09/2017,1505772000
36348,2017-18,1,5,Atletico de Bilbao,Atletico de Madrid,1,2,20/09/2017,1505858400
36349,2017-18,1,5,Sevilla,Las Palmas,1,0,20/09/2017,1505858400
36350,2017-18,1,5,Deportivo,Alaves,1,0,20/09/2017,1505858400
36351,2017-18,1,5,Real Madrid,Betis,0,1,20/09/2017,1505858400
36352,2017-18,1,5,Leganes,Girona,0,0,20/09/2017,1505858400
36353,2017-18,1,5,Celta de Vigo,Getafe,1,1,21/09/2017,1505944800
36354,2017-18,1,5,Levante,Real Sociedad,3,0,21/09/2017,1505944800
36355,2017-18,1,5,Villarreal,Espanol,0,0,21/09/2017,1505944800
36356,2017-18,1,6,Alaves,Real Madrid,1,2,23/09/2017,1506117600
36357,2017-18,1,6,Malaga,Atletico de Bilbao,3,3,23/09/2017,1506117600
36358,2017-18,1,6,Atletico de Madrid,Sevilla,2,0,23/09/2017,1506117600
36359,2017-18,1,6,Girona,Barcelona,0,3,23/09/2017,1506117600
36360,2017-18,1,6,Espanol,Deportivo,4,1,24/09/2017,1506204000
36361,2017-18,1,6,Las Palmas,Leganes,0,2,24/09/2017,1506204000
36362,2017-18,1,6,Getafe,Villarreal,4,0,24/09/2017,1506204000
36363,2017-18,1,6,Eibar,Celta de Vigo,0,4,24/09/2017,1506204000
36364,2017-18,1,6,Real Sociedad,Valencia,2,3,24/09/2017,1506204000
36365,2017-18,1,6,Betis,Levante,4,0,25/09/2017,1506290400
36366,2017-18,1,7,Celta de Vigo,Girona,3,3,29/09/2017,1506636000
36367,2017-18,1,7,Leganes,Atletico de Madrid,0,0,30/09/2017,1506722400
36368,2017-18,1,7,Sevilla,Malaga,2,0,30/09/2017,1506722400
36369,2017-18,1,7,Levante,Alaves,0,2,30/09/2017,1506722400
36370,2017-18,1,7,Deportivo,Getafe,2,1,30/09/2017,1506722400
36371,2017-18,1,7,Valencia,Atletico de Bilbao,3,2,01/10/2017,1506808800
36372,2017-18,1,7,Real Madrid,Espanol,2,0,01/10/2017,1506808800
36373,2017-18,1,7,Real Sociedad,Betis,4,4,01/10/2017,1506808800
36374,2017-18,1,7,Barcelona,Las Palmas,3,0,01/10/2017,1506808800
36375,2017-18,1,7,Villarreal,Eibar,3,0,01/10/2017,1506808800
36376,2017-18,1,8,Espanol,Levante,0,0,13/10/2017,1507845600
36377,2017-18,1,8,Getafe,Real Madrid,1,2,14/10/2017,1507932000
36378,2017-18,1,8,Atletico de Bilbao,Sevilla,1,0,14/10/2017,1507932000
36379,2017-18,1,8,Alaves,Real Sociedad,0,2,14/10/2017,1507932000
36380,2017-18,1,8,Atletico de Madrid,Barcelona,1,1,14/10/2017,1507932000
36381,2017-18,1,8,Girona,Villarreal,1,2,15/10/2017,1508018400
36382,2017-18,1,8,Betis,Valencia,3,6,15/10/2017,1508018400
36383,2017-18,1,8,Eibar,Deportivo,0,0,15/10/2017,1508018400
36384,2017-18,1,8,Malaga,Leganes,0,2,15/10/2017,1508018400
36385,2017-18,1,8,Las Palmas,Celta de Vigo,2,5,16/10/2017,1508104800
36386,2017-18,1,9,Levante,Getafe,1,1,21/10/2017,1508536800
36387,2017-18,1,9,Barcelona,Malaga,2,0,21/10/2017,1508536800
36388,2017-18,1,9,Valencia,Sevilla,4,0,21/10/2017,1508536800
36389,2017-18,1,9,Betis,Alaves,2,0,21/10/2017,1508536800
36390,2017-18,1,9,Villarreal,Las Palmas,4,0,22/10/2017,1508623200
36391,2017-18,1,9,Real Madrid,Eibar,3,0,22/10/2017,1508623200
36392,2017-18,1,9,Leganes,Atletico de Bilbao,1,0,22/10/2017,1508623200
36393,2017-18,1,9,Celta de Vigo,Atletico de Madrid,0,1,22/10/2017,1508623200
36394,2017-18,1,9,Deportivo,Girona,1,2,23/10/2017,1508709600
36395,2017-18,1,9,Real Sociedad,Espanol,1,1,23/10/2017,1508709600
36396,2017-18,1,10,Alaves,Valencia,1,2,28/10/2017,1509141600
36397,2017-18,1,10,Sevilla,Leganes,2,1,28/10/2017,1509141600
36398,2017-18,1,10,Atletico de Madrid,Villarreal,1,1,28/10/2017,1509141600
36399,2017-18,1,10,Atletico de Bilbao,Barcelona,0,2,28/10/2017,1509141600
36400,2017-18,1,10,Malaga,Celta de Vigo,2,1,29/10/2017,1509228000
36401,2017-18,1,10,Girona,Real Madrid,2,1,29/10/2017,1509228000
36402,2017-18,1,10,Getafe,Real Sociedad,2,1,29/10/2017,1509228000
36403,2017-18,1,10,Eibar,Levante,2,2,29/10/2017,1509228000
36404,2017-18,1,10,Espanol,Betis,1,0,30/10/2017,1509318000
36405,2017-18,1,10,Las Palmas,Deportivo,1,3,30/10/2017,1509318000
36406,2017-18,1,11,Betis,Getafe,2,2,03/11/2017,1509663600
36407,2017-18,1,11,Alaves,Espanol,1,0,04/11/2017,1509750000
36408,2017-18,1,11,Barcelona,Sevilla,2,1,04/11/2017,1509750000
36409,2017-18,1,11,Deportivo,Atletico de Madrid,0,1,04/11/2017,1509750000
36410,2017-18,1,11,Valencia,Leganes,3,0,04/11/2017,1509750000
36411,2017-18,1,11,Real Sociedad,Eibar,3,1,05/11/2017,1509836400
36412,2017-18,1,11,Celta de Vigo,Atletico de Bilbao,3,1,05/11/2017,1509836400
36413,2017-18,1,11,Levante,Girona,1,2,05/11/2017,1509836400
36414,2017-18,1,11,Villarreal,Malaga,2,0,05/11/2017,1509836400
36415,2017-18,1,11,Real Madrid,Las Palmas,3,0,05/11/2017,1509836400
36416,2017-18,1,12,Girona,Real Sociedad,1,1,17/11/2017,1510873200
36417,2017-18,1,12,Leganes,Barcelona,0,3,18/11/2017,1510959600
36418,2017-18,1,12,Sevilla,Celta de Vigo,2,1,18/11/2017,1510959600
36419,2017-18,1,12,Atletico de Madrid,Real Madrid,0,0,18/11/2017,1510959600
36420,2017-18,1,12,Getafe,Alaves,4,1,18/11/2017,1510959600
36421,2017-18,1,12,Atletico de Bilbao,Villarreal,1,1,19/11/2017,1511046000
36422,2017-18,1,12,Malaga,Deportivo,3,2,19/11/2017,1511046000
36423,2017-18,1,12,Espanol,Valencia,0,2,19/11/2017,1511046000
36424,2017-18,1,12,Las Palmas,Levante,0,2,19/11/2017,1511046000
36425,2017-18,1,12,Eibar,Betis,5,0,20/11/2017,1511132400
36426,2017-18,1,13,Celta de Vigo,Leganes,1,0,24/11/2017,1511478000
36427,2017-18,1,13,Levante,Atletico de Madrid,0,5,25/11/2017,1511564400
36428,2017-18,1,13,Real Madrid,Malaga,3,2,25/11/2017,1511564400
36429,2017-18,1,13,Betis,Girona,2,2,25/11/2017,1511564400
36430,2017-18,1,13,Alaves,Eibar,1,2,25/11/2017,1511564400
36431,2017-18,1,13,Villarreal,Sevilla,2,3,26/11/2017,1511650800
36432,2017-18,1,13,Deportivo,Atletico de Bilbao,2,2,26/11/2017,1511650800
36433,2017-18,1,13,Valencia,Barcelona,1,1,26/11/2017,1511650800
36434,2017-18,1,13,Real Sociedad,Las Palmas,2,2,26/11/2017,1511650800
36435,2017-18,1,13,Espanol,Getafe,1,0,27/11/2017,1511737200
36436,2017-18,1,14,Malaga,Levante,0,0,01/12/2017,1512082800
36437,2017-18,1,14,Sevilla,Deportivo,2,0,02/12/2017,1512169200
36438,2017-18,1,14,Atletico de Madrid,Real Sociedad,2,1,02/12/2017,1512169200
36439,2017-18,1,14,Barcelona,Celta de Vigo,2,2,02/12/2017,1512169200
36440,2017-18,1,14,Atletico de Bilbao,Real Madrid,0,0,02/12/2017,1512169200
36441,2017-18,1,14,Las Palmas,Betis,1,0,03/12/2017,1512255600
36442,2017-18,1,14,Getafe,Valencia,1,0,03/12/2017,1512255600
36443,2017-18,1,14,Leganes,Villarreal,3,1,03/12/2017,1512255600
36444,2017-18,1,14,Eibar,Espanol,3,1,03/12/2017,1512255600
36445,2017-18,1,14,Girona,Alaves,2,3,04/12/2017,1512342000
36446,2017-18,1,15,Alaves,Las Palmas,2,0,08/12/2017,1512687600
36447,2017-18,1,15,Deportivo,Leganes,1,0,09/12/2017,1512774000
36448,2017-18,1,15,Valencia,Celta de Vigo,2,1,09/12/2017,1512774000
36449,2017-18,1,15,Real Madrid,Sevilla,5,0,09/12/2017,1512774000
36450,2017-18,1,15,Getafe,Eibar,0,0,09/12/2017,1512774000
36451,2017-18,1,15,Real Sociedad,Malaga,0,2,10/12/2017,1512860400
36452,2017-18,1,15,Levante,Atletico de Bilbao,1,2,10/12/2017,1512860400
36453,2017-18,1,15,Villarreal,Barcelona,0,2,10/12/2017,1512860400
36454,2017-18,1,15,Betis,Atletico de Madrid,0,1,10/12/2017,1512860400
36455,2017-18,1,15,Espanol,Girona,0,1,11/12/2017,1512946800
36456,2017-18,1,16,Sevilla,Levante,0,0,15/12/2017,1513292400
36457,2017-18,1,16,Eibar,Valencia,2,1,16/12/2017,1513378800
36458,2017-18,1,16,Atletico de Bilbao,Real Sociedad,0,0,16/12/2017,1513378800
36459,2017-18,1,16,Atletico de Madrid,Alaves,1,0,16/12/2017,1513378800
36460,2017-18,1,16,Celta de Vigo,Villarreal,0,1,17/12/2017,1513465200
36461,2017-18,1,16,Barcelona,Deportivo,4,0,17/12/2017,1513465200
36462,2017-18,1,16,Las Palmas,Espanol,2,2,17/12/2017,1513465200
36463,2017-18,1,16,Girona,Getafe,1,0,17/12/2017,1513465200
36464,2017-18,1,16,Malaga,Betis,0,2,18/12/2017,1513551600
36465,2017-18,1,16,Leganes,Real Madrid,1,3,21/02/2018,1519167600
36466,2017-18,1,17,Levante,Leganes,0,0,19/12/2017,1513638000
36467,2017-18,1,17,Getafe,Las Palmas,2,0,20/12/2017,1513724400
36468,2017-18,1,17,Real Sociedad,Sevilla,3,1,20/12/2017,1513724400
36469,2017-18,1,17,Eibar,Girona,4,1,21/12/2017,1513810800
36470,2017-18,1,17,Alaves,Malaga,1,0,21/12/2017,1513810800
36471,2017-18,1,17,Betis,Atletico de Bilbao,0,2,22/12/2017,1513897200
36472,2017-18,1,17,Espanol,Atletico de Madrid,1,0,22/12/2017,1513897200
36473,2017-18,1,17,Deportivo,Celta de Vigo,1,3,23/12/2017,1513983600
36474,2017-18,1,17,Valencia,Villarreal,0,1,23/12/2017,1513983600
36475,2017-18,1,17,Real Madrid,Barcelona,0,3,23/12/2017,1513983600
36476,2017-18,1,18,Las Palmas,Eibar,1,2,06/01/2018,1515193200
36477,2017-18,1,18,Valencia,Girona,2,1,06/01/2018,1515193200
36478,2017-18,1,18,Sevilla,Betis,3,5,06/01/2018,1515193200
36479,2017-18,1,18,Atletico de Madrid,Getafe,2,0,06/01/2018,1515193200
36480,2017-18,1,18,Barcelona,Levante,3,0,07/01/2018,1515279600
36481,2017-18,1,18,Villarreal,Deportivo,1,1,07/01/2018,1515279600
36482,2017-18,1,18,Leganes,Real Sociedad,1,0,07/01/2018,1515279600
36483,2017-18,1,18,Celta de Vigo,Real Madrid,2,2,07/01/2018,1515279600
36484,2017-18,1,18,Atletico de Bilbao,Alaves,2,0,07/01/2018,1515279600
36485,2017-18,1,18,Malaga,Espanol,0,1,08/01/2018,1515366000
36486,2017-18,1,19,Getafe,Malaga,1,0,12/01/2018,1515711600
36487,2017-18,1,19,Girona,Las Palmas,6,0,13/01/2018,1515798000
36488,2017-18,1,19,Deportivo,Valencia,1,2,13/01/2018,1515798000
36489,2017-18,1,19,Real Madrid,Villarreal,0,1,13/01/2018,1515798000
36490,2017-18,1,19,Eibar,Atletico de Madrid,0,1,13/01/2018,1515798000
36491,2017-18,1,19,Alaves,Sevilla,1,0,14/01/2018,1515884400
36492,2017-18,1,19,Espanol,Atletico de Bilbao,1,1,14/01/2018,1515884400
36493,2017-18,1,19,Levante,Celta de Vigo,0,1,14/01/2018,1515884400
36494,2017-18,1,19,Real Sociedad,Barcelona,2,4,14/01/2018,1515884400
36495,2017-18,1,19,Betis,Leganes,3,2,15/01/2018,1515970800
36496,2017-18,1,20,Getafe,Atletico de Bilbao,2,2,19/01/2018,1516316400
36497,2017-18,1,20,Atletico de Madrid,Girona,1,1,20/01/2018,1516402800
36498,2017-18,1,20,Las Palmas,Valencia,2,1,20/01/2018,1516402800
36499,2017-18,1,20,Villarreal,Levante,2,1,20/01/2018,1516402800
36500,2017-18,1,20,Espanol,Sevilla,0,3,20/01/2018,1516402800
36501,2017-18,1,20,Real Madrid,Deportivo,7,1,21/01/2018,1516489200
36502,2017-18,1,20,Betis,Barcelona,0,5,21/01/2018,1516489200
36503,2017-18,1,20,Real Sociedad,Celta de Vigo,1,2,21/01/2018,1516489200
36504,2017-18,1,20,Alaves,Leganes,2,2,21/01/2018,1516489200
36505,2017-18,1,20,Eibar,Malaga,1,1,22/01/2018,1516575600
36506,2017-18,1,21,Atletico de Bilbao,Eibar,1,1,26/01/2018,1516921200
36507,2017-18,1,21,Deportivo,Levante,2,2,27/01/2018,1517007600
36508,2017-18,1,21,Valencia,Real Madrid,1,4,27/01/2018,1517007600
36509,2017-18,1,21,Malaga,Girona,0,0,27/01/2018,1517007600
36510,2017-18,1,21,Villarreal,Real Sociedad,4,2,27/01/2018,1517007600
36511,2017-18,1,21,Sevilla,Getafe,1,1,28/01/2018,1517094000
36512,2017-18,1,21,Barcelona,Alaves,2,1,28/01/2018,1517094000
36513,2017-18,1,21,Atletico de Madrid,Las Palmas,3,0,28/01/2018,1517094000
36514,2017-18,1,21,Leganes,Espanol,3,2,28/01/2018,1517094000
36515,2017-18,1,21,Celta de Vigo,Betis,3,2,29/01/2018,1517180400
36516,2017-18,1,22,Real Sociedad,Deportivo,5,0,02/02/2018,1517526000
36517,2017-18,1,22,Alaves,Celta de Vigo,2,1,03/02/2018,1517612400
36518,2017-18,1,22,Betis,Villarreal,2,1,03/02/2018,1517612400
36519,2017-18,1,22,Eibar,Sevilla,5,1,03/02/2018,1517612400
36520,2017-18,1,22,Levante,Real Madrid,2,2,03/02/2018,1517612400
36521,2017-18,1,22,Espanol,Barcelona,1,1,04/02/2018,1517698800
36522,2017-18,1,22,Atletico de Madrid,Valencia,1,0,04/02/2018,1517698800
36523,2017-18,1,22,Getafe,Leganes,0,0,04/02/2018,1517698800
36524,2017-18,1,22,Girona,Atletico de Bilbao,2,0,04/02/2018,1517698800
36525,2017-18,1,22,Las Palmas,Malaga,1,0,05/02/2018,1517785200
36526,2017-18,1,23,Atletico de Bilbao,Las Palmas,0,0,09/02/2018,1518130800
36527,2017-18,1,23,Leganes,Eibar,0,1,10/02/2018,1518217200
36528,2017-18,1,23,Villarreal,Alaves,1,2,10/02/2018,1518217200
36529,2017-18,1,23,Real Madrid,Real Sociedad,5,2,10/02/2018,1518217200
36530,2017-18,1,23,Malaga,Atletico de Madrid,0,1,10/02/2018,1518217200
36531,2017-18,1,23,Valencia,Levante,3,1,11/02/2018,1518303600
36532,2017-18,1,23,Celta de Vigo,Espanol,2,2,11/02/2018,1518303600
36533,2017-18,1,23,Sevilla,Girona,1,0,11/02/2018,1518303600
36534,2017-18,1,23,Barcelona,Getafe,0,0,11/02/2018,1518303600
36535,2017-18,1,23,Deportivo,Betis,0,1,12/02/2018,1518390000
36536,2017-18,1,24,Girona,Leganes,3,0,16/02/2018,1518735600
36537,2017-18,1,24,Eibar,Barcelona,0,2,17/02/2018,1518822000
36538,2017-18,1,24,Malaga,Valencia,1,2,17/02/2018,1518822000
36539,2017-18,1,24,Las Palmas,Sevilla,1,2,17/02/2018,1518822000
36540,2017-18,1,24,Alaves,Deportivo,1,0,17/02/2018,1518822000
36541,2017-18,1,24,Betis,Real Madrid,3,5,18/02/2018,1518908400
36542,2017-18,1,24,Real Sociedad,Levante,3,0,18/02/2018,1518908400
36543,2017-18,1,24,Espanol,Villarreal,1,1,18/02/2018,1518908400
36544,2017-18,1,24,Atletico de Madrid,Atletico de Bilbao,2,0,18/02/2018,1518908400
36545,2017-18,1,24,Getafe,Celta de Vigo,3,0,19/02/2018,1518994800
36546,2017-18,1,25,Deportivo,Espanol,0,0,23/02/2018,1519340400
36547,2017-18,1,25,Barcelona,Girona,6,1,24/02/2018,1519426800
36548,2017-18,1,25,Leganes,Las Palmas,0,0,24/02/2018,1519426800
36549,2017-18,1,25,Real Madrid,Alaves,4,0,24/02/2018,1519426800
36550,2017-18,1,25,Celta de Vigo,Eibar,2,0,24/02/2018,1519426800
36551,2017-18,1,25,Atletico de Bilbao,Malaga,2,1,25/02/2018,1519513200
36552,2017-18,1,25,Sevilla,Atletico de Madrid,2,5,25/02/2018,1519513200
36553,2017-18,1,25,Villarreal,Getafe,1,0,25/02/2018,1519513200
36554,2017-18,1,25,Valencia,Real Sociedad,2,1,25/02/2018,1519513200
36555,2017-18,1,25,Levante,Betis,0,2,26/02/2018,1519599600
36556,2017-18,1,26,Espanol,Real Madrid,1,0,27/02/2018,1519686000
36557,2017-18,1,26,Girona,Celta de Vigo,1,0,27/02/2018,1519686000
36558,2017-18,1,26,Atletico de Madrid,Leganes,4,0,28/02/2018,1519772400
36559,2017-18,1,26,Getafe,Deportivo,3,0,28/02/2018,1519772400
36560,2017-18,1,26,Atletico de Bilbao,Valencia,1,1,28/02/2018,1519772400
36561,2017-18,1,26,Eibar,Villarreal,1,0,28/02/2018,1519772400
36562,2017-18,1,26,Malaga,Sevilla,0,1,28/02/2018,1519772400
36563,2017-18,1,26,Alaves,Levante,1,0,01/03/2018,1519858800
36564,2017-18,1,26,Betis,Real Sociedad,0,0,01/03/2018,1519858800
36565,2017-18,1,26,Las Palmas,Barcelona,1,1,01/03/2018,1519858800
36566,2017-18,1,27,Leganes,Malaga,2,0,03/03/2018,1520031600
36567,2017-18,1,27,Villarreal,Girona,0,2,03/03/2018,1520031600
36568,2017-18,1,27,Deportivo,Eibar,1,1,03/03/2018,1520031600
36569,2017-18,1,27,Real Madrid,Getafe,3,1,03/03/2018,1520031600
36570,2017-18,1,27,Sevilla,Atletico de Bilbao,2,0,03/03/2018,1520031600
36571,2017-18,1,27,Valencia,Betis,2,0,04/03/2018,1520118000
36572,2017-18,1,27,Real Sociedad,Alaves,2,1,04/03/2018,1520118000
36573,2017-18,1,27,Levante,Espanol,1,1,04/03/2018,1520118000
36574,2017-18,1,27,Barcelona,Atletico de Madrid,1,0,04/03/2018,1520118000
36575,2017-18,1,27,Celta de Vigo,Las Palmas,2,1,05/03/2018,1520204400
36576,2017-18,1,28,Girona,Deportivo,2,0,09/03/2018,1520550000
36577,2017-18,1,28,Eibar,Real Madrid,1,2,10/03/2018,1520636400
36578,2017-18,1,28,Sevilla,Valencia,0,2,10/03/2018,1520636400
36579,2017-18,1,28,Malaga,Barcelona,0,2,10/03/2018,1520636400
36580,2017-18,1,28,Getafe,Levante,0,1,10/03/2018,1520636400
36581,2017-18,1,28,Las Palmas,Villarreal,0,2,11/03/2018,1520722800
36582,2017-18,1,28,Espanol,Real Sociedad,2,1,11/03/2018,1520722800
36583,2017-18,1,28,Atletico de Madrid,Celta de Vigo,3,0,11/03/2018,1520722800
36584,2017-18,1,28,Atletico de Bilbao,Leganes,2,0,11/03/2018,1520722800
36585,2017-18,1,28,Alaves,Betis,1,3,12/03/2018,1520809200
36586,2017-18,1,29,Levante,Eibar,2,1,16/03/2018,1521154800
36587,2017-18,1,29,Real Sociedad,Getafe,1,2,17/03/2018,1521241200
36588,2017-18,1,29,Deportivo,Las Palmas,1,1,17/03/2018,1521241200
36589,2017-18,1,29,Valencia,Alaves,3,1,17/03/2018,1521241200
36590,2017-18,1,29,Betis,Espanol,3,0,17/03/2018,1521241200
36591,2017-18,1,29,Barcelona,Atletico de Bilbao,2,0,18/03/2018,1521327600
36592,2017-18,1,29,Leganes,Sevilla,2,1,18/03/2018,1521327600
36593,2017-18,1,29,Villarreal,Atletico de Madrid,2,1,18/03/2018,1521327600
36594,2017-18,1,29,Celta de Vigo,Malaga,0,0,18/03/2018,1521327600
36595,2017-18,1,29,Real Madrid,Girona,6,3,18/03/2018,1521327600
36596,2017-18,1,30,Atletico de Bilbao,Celta de Vigo,1,1,31/03/2018,1522447200
36597,2017-18,1,30,Girona,Levante,1,1,31/03/2018,1522447200
36598,2017-18,1,30,Sevilla,Barcelona,2,2,31/03/2018,1522447200
36599,2017-18,1,30,Las Palmas,Real Madrid,0,3,31/03/2018,1522447200
36600,2017-18,1,30,Espanol,Alaves,0,0,01/04/2018,1522533600
36601,2017-18,1,30,Atletico de Madrid,Deportivo,1,0,01/04/2018,1522533600
36602,2017-18,1,30,Leganes,Valencia,0,1,01/04/2018,1522533600
36603,2017-18,1,30,Eibar,Real Sociedad,0,0,01/04/2018,1522533600
36604,2017-18,1,30,Malaga,Villarreal,1,0,01/04/2018,1522533600
36605,2017-18,1,30,Getafe,Betis,0,1,02/04/2018,1522620000
36606,2017-18,1,31,Deportivo,Malaga,3,2,06/04/2018,1522965600
36607,2017-18,1,31,Celta de Vigo,Sevilla,4,0,07/04/2018,1523052000
36608,2017-18,1,31,Betis,Eibar,2,0,07/04/2018,1523052000
36609,2017-18,1,31,Barcelona,Leganes,3,1,07/04/2018,1523052000
36610,2017-18,1,31,Alaves,Getafe,2,0,07/04/2018,1523052000
36611,2017-18,1,31,Valencia,Espanol,1,0,08/04/2018,1523138400
36612,2017-18,1,31,Real Madrid,Atletico de Madrid,1,1,08/04/2018,1523138400
36613,2017-18,1,31,Real Sociedad,Girona,5,0,08/04/2018,1523138400
36614,2017-18,1,31,Levante,Las Palmas,2,1,08/04/2018,1523138400
36615,2017-18,1,31,Villarreal,Atletico de Bilbao,1,3,09/04/2018,1523224800
36616,2017-18,1,32,Girona,Betis,0,1,13/04/2018,1523570400
36617,2017-18,1,32,Barcelona,Valencia,2,1,14/04/2018,1523656800
36618,2017-18,1,32,Las Palmas,Real Sociedad,0,1,14/04/2018,1523656800
36619,2017-18,1,32,Leganes,Celta de Vigo,1,0,14/04/2018,1523656800
36620,2017-18,1,32,Atletico de Bilbao,Deportivo,2,3,14/04/2018,1523656800
36621,2017-18,1,32,Sevilla,Villarreal,2,2,14/04/2018,1523656800
36622,2017-18,1,32,Atletico de Madrid,Levante,3,0,15/04/2018,1523743200
36623,2017-18,1,32,Getafe,Espanol,1,0,15/04/2018,1523743200
36624,2017-18,1,32,Eibar,Alaves,0,1,15/04/2018,1523743200
36625,2017-18,1,32,Malaga,Real Madrid,1,2,15/04/2018,1523743200
36626,2017-18,1,33,Villarreal,Leganes,2,1,17/04/2018,1523916000
36627,2017-18,1,33,Deportivo,Sevilla,0,0,17/04/2018,1523916000
36628,2017-18,1,33,Celta de Vigo,Barcelona,2,2,17/04/2018,1523916000
36629,2017-18,1,33,Espanol,Eibar,0,1,18/04/2018,1524002400
36630,2017-18,1,33,Valencia,Getafe,1,2,18/04/2018,1524002400
36631,2017-18,1,33,Real Madrid,Atletico de Bilbao,1,1,18/04/2018,1524002400
36632,2017-18,1,33,Real Sociedad,Atletico de Madrid,3,0,19/04/2018,1524088800
36633,2017-18,1,33,Levante,Malaga,1,0,19/04/2018,1524088800
36634,2017-18,1,33,Alaves,Girona,1,2,19/04/2018,1524088800
36635,2017-18,1,33,Betis,Las Palmas,1,0,19/04/2018,1524088800
36636,2017-18,1,34,Leganes,Deportivo,0,0,20/04/2018,1524175200
36637,2017-18,1,34,Celta de Vigo,Valencia,1,1,21/04/2018,1524261600
36638,2017-18,1,34,Eibar,Getafe,0,1,21/04/2018,1524261600
36639,2017-18,1,34,Girona,Espanol,0,2,22/04/2018,1524348000
36640,2017-18,1,34,Malaga,Real Sociedad,2,0,22/04/2018,1524348000
36641,2017-18,1,34,Las Palmas,Alaves,0,4,22/04/2018,1524348000
36642,2017-18,1,34,Atletico de Madrid,Betis,0,0,22/04/2018,1524348000
36643,2017-18,1,34,Atletico de Bilbao,Levante,1,3,23/04/2018,1524434400
36644,2017-18,1,34,Sevilla,Real Madrid,3,2,09/05/2018,1525816800
36645,2017-18,1,34,Barcelona,Villarreal,5,1,09/05/2018,1525816800
36646,2017-18,1,35,Levante,Sevilla,2,1,27/04/2018,1524780000
36647,2017-18,1,35,Villarreal,Celta de Vigo,4,1,28/04/2018,1524866400
36648,2017-18,1,35,Real Madrid,Leganes,2,1,28/04/2018,1524866400
36649,2017-18,1,35,Real Sociedad,Atletico de Bilbao,3,1,28/04/2018,1524866400
36650,2017-18,1,35,Espanol,Las Palmas,1,1,28/04/2018,1524866400
36651,2017-18,1,35,Deportivo,Barcelona,2,4,29/04/2018,1524952800
36652,2017-18,1,35,Valencia,Eibar,0,0,29/04/2018,1524952800
36653,2017-18,1,35,Getafe,Girona,1,1,29/04/2018,1524952800
36654,2017-18,1,35,Alaves,Atletico de Madrid,0,1,29/04/2018,1524952800
36655,2017-18,1,35,Betis,Malaga,2,1,30/04/2018,1525039200
36656,2017-18,1,36,Sevilla,Real Sociedad,1,0,04/05/2018,1525384800
36657,2017-18,1,36,Villarreal,Valencia,1,0,05/05/2018,1525471200
36658,2017-18,1,36,Celta de Vigo,Deportivo,1,1,05/05/2018,1525471200
36659,2017-18,1,36,Atletico de Bilbao,Betis,2,0,05/05/2018,1525471200
36660,2017-18,1,36,Girona,Eibar,1,4,05/05/2018,1525471200
36661,2017-18,1,36,Las Palmas,Getafe,0,1,06/05/2018,1525557600
36662,2017-18,1,36,Atletico de Madrid,Espanol,0,2,06/05/2018,1525557600
36663,2017-18,1,36,Malaga,Alaves,0,3,06/05/2018,1525557600
36664,2017-18,1,36,Barcelona,Real Madrid,2,2,06/05/2018,1525557600
36665,2017-18,1,36,Leganes,Levante,0,3,07/05/2018,1525644000
36666,2017-18,1,37,Girona,Valencia,0,1,12/05/2018,1526076000
36667,2017-18,1,37,Alaves,Atletico de Bilbao,3,1,12/05/2018,1526076000
36668,2017-18,1,37,Deportivo,Villarreal,2,4,12/05/2018,1526076000
36669,2017-18,1,37,Real Madrid,Celta de Vigo,6,0,12/05/2018,1526076000
36670,2017-18,1,37,Getafe,Atletico de Madrid,0,1,12/05/2018,1526076000
36671,2017-18,1,37,Betis,Sevilla,2,2,12/05/2018,1526076000
36672,2017-18,1,37,Eibar,Las Palmas,1,0,12/05/2018,1526076000
36673,2017-18,1,37,Real Sociedad,Leganes,3,2,12/05/2018,1526076000
36674,2017-18,1,37,Espanol,Malaga,4,1,13/05/2018,1526162400
36675,2017-18,1,37,Levante,Barcelona,5,4,13/05/2018,1526162400
36676,2017-18,1,38,Celta de Vigo,Levante,4,2,19/05/2018,1526680800
36677,2017-18,1,38,Sevilla,Alaves,1,0,19/05/2018,1526680800
36678,2017-18,1,38,Malaga,Getafe,0,1,19/05/2018,1526680800
36679,2017-18,1,38,Las Palmas,Girona,1,2,19/05/2018,1526680800
36680,2017-18,1,38,Leganes,Betis,3,2,19/05/2018,1526680800
36681,2017-18,1,38,Villarreal,Real Madrid,2,2,19/05/2018,1526680800
36682,2017-18,1,38,Atletico de Bilbao,Espanol,0,1,20/05/2018,1526767200
36683,2017-18,1,38,Barcelona,Real Sociedad,1,0,20/05/2018,1526767200
36684,2017-18,1,38,Valencia,Deportivo,2,1,20/05/2018,1526767200
36685,2017-18,1,38,Atletico de Madrid,Eibar,2,2,20/05/2018,1526767200
36686,2017-18,2,1,Tenerife,Zaragoza,1,0,18/08/2017,1503007200
36687,2017-18,2,1,Lorca FC,Cultural Leonesa,2,0,18/08/2017,1503007200
36688,2017-18,2,1,Alcorcon,Sporting de Gijon,0,0,19/08/2017,1503093600
36689,2017-18,2,1,Cordoba,Cadiz,1,2,19/08/2017,1503093600
36690,2017-18,2,1,Osasuna,Sevilla Atletico,1,1,19/08/2017,1503093600
36691,2017-18,2,1,Numancia,Huesca,1,0,19/08/2017,1503093600
36692,2017-18,2,1,Valladolid,Barcelona Atletic,1,2,19/08/2017,1503093600
36693,2017-18,2,1,Granada,Albacete,0,0,20/08/2017,1503180000
36694,2017-18,2,1,Lugo,Reus,0,0,20/08/2017,1503180000
36695,2017-18,2,1,Gimnastic de Tarragona,Almeria,0,1,20/08/2017,1503180000
36696,2017-18,2,1,Oviedo,Rayo Vallecano,2,3,20/08/2017,1503180000
36697,2017-18,2,2,Albacete,Cordoba,0,3,25/08/2017,1503612000
36698,2017-18,2,2,Almeria,Oviedo,1,1,26/08/2017,1503698400
36699,2017-18,2,2,Huesca,Lorca FC,2,0,26/08/2017,1503698400
36700,2017-18,2,2,Cultural Leonesa,Osasuna,2,1,26/08/2017,1503698400
36701,2017-18,2,2,Rayo Vallecano,Numancia,2,2,26/08/2017,1503698400
36702,2017-18,2,2,Sevilla Atletico,Valladolid,1,2,26/08/2017,1503698400
36703,2017-18,2,2,Cadiz,Alcorcon,0,0,27/08/2017,1503784800
36704,2017-18,2,2,Barcelona Atletic,Tenerife,0,3,27/08/2017,1503784800
36705,2017-18,2,2,Sporting de Gijon,Lugo,2,0,27/08/2017,1503784800
36706,2017-18,2,2,Reus,Gimnastic de Tarragona,1,1,27/08/2017,1503784800
36707,2017-18,2,2,Zaragoza,Granada,1,1,27/08/2017,1503784800
36708,2017-18,2,3,Granada,Barcelona Atletic,2,2,01/09/2017,1504216800
36709,2017-18,2,3,Lugo,Cadiz,0,1,02/09/2017,1504303200
36710,2017-18,2,3,Gimnastic de Tarragona,Sporting de Gijon,0,4,02/09/2017,1504303200
36711,2017-18,2,3,Lorca FC,Rayo Vallecano,0,0,02/09/2017,1504303200
36712,2017-18,2,3,Numancia,Almeria,1,0,02/09/2017,1504303200
36713,2017-18,2,3,Osasuna,Huesca,1,1,02/09/2017,1504303200
36714,2017-18,2,3,Valladolid,Tenerife,2,0,03/09/2017,1504389600
36715,2017-18,2,3,Oviedo,Reus,3,0,03/09/2017,1504389600
36716,2017-18,2,3,Sevilla Atletico,Cultural Leonesa,1,2,03/09/2017,1504389600
36717,2017-18,2,3,Cordoba,Zaragoza,1,2,03/09/2017,1504389600
36718,2017-18,2,3,Alcorcon,Albacete,1,0,04/09/2017,1504476000
36719,2017-18,2,4,Cadiz,Gimnastic de Tarragona,2,0,08/09/2017,1504821600
36720,2017-18,2,4,Almeria,Lorca FC,2,1,09/09/2017,1504908000
36721,2017-18,2,4,Huesca,Sevilla Atletico,0,0,09/09/2017,1504908000
36722,2017-18,2,4,Barcelona Atletic,Cordoba,4,0,09/09/2017,1504908000
36723,2017-18,2,4,Sporting de Gijon,Oviedo,1,1,09/09/2017,1504908000
36724,2017-18,2,4,Zaragoza,Alcorcon,0,1,10/09/2017,1504994400
36725,2017-18,2,4,Rayo Vallecano,Osasuna,0,3,10/09/2017,1504994400
36726,2017-18,2,4,Albacete,Lugo,0,1,10/09/2017,1504994400
36727,2017-18,2,4,Tenerife,Granada,2,2,10/09/2017,1504994400
36728,2017-18,2,4,Cultural Leonesa,Valladolid,4,4,10/09/2017,1504994400
36729,2017-18,2,4,Reus,Numancia,1,0,11/09/2017,1505080800
36730,2017-18,2,5,Lugo,Zaragoza,2,1,15/09/2017,1505426400
36731,2017-18,2,5,Osasuna,Almeria,2,1,16/09/2017,1505512800
36732,2017-18,2,5,Lorca FC,Reus,1,1,16/09/2017,1505512800
36733,2017-18,2,5,Numancia,Sporting de Gijon,3,0,16/09/2017,1505512800
36734,2017-18,2,5,Valladolid,Granada,2,1,16/09/2017,1505512800
36735,2017-18,2,5,Sevilla Atletico,Rayo Vallecano,0,0,16/09/2017,1505512800
36736,2017-18,2,5,Cordoba,Tenerife,2,0,17/09/2017,1505599200
36737,2017-18,2,5,Cultural Leonesa,Huesca,3,2,17/09/2017,1505599200
36738,2017-18,2,5,Gimnastic de Tarragona,Albacete,3,1,17/09/2017,1505599200
36739,2017-18,2,5,Oviedo,Cadiz,1,0,17/09/2017,1505599200
36740,2017-18,2,5,Alcorcon,Barcelona Atletic,1,1,17/09/2017,1505599200
36741,2017-18,2,6,Almeria,Sevilla Atletico,3,0,22/09/2017,1506031200
36742,2017-18,2,6,Sporting de Gijon,Lorca FC,1,0,23/09/2017,1506117600
36743,2017-18,2,6,Granada,Cordoba,3,1,23/09/2017,1506117600
36744,2017-18,2,6,Reus,Osasuna,0,0,23/09/2017,1506117600
36745,2017-18,2,6,Tenerife,Alcorcon,4,0,23/09/2017,1506117600
36746,2017-18,2,6,Cadiz,Numancia,0,0,24/09/2017,1506204000
36747,2017-18,2,6,Huesca,Valladolid,1,0,24/09/2017,1506204000
36748,2017-18,2,6,Zaragoza,Gimnastic de Tarragona,1,1,24/09/2017,1506204000
36749,2017-18,2,6,Rayo Vallecano,Cultural Leonesa,3,1,24/09/2017,1506204000
36750,2017-18,2,6,Albacete,Oviedo,2,1,24/09/2017,1506204000
36751,2017-18,2,6,Barcelona Atletic,Lugo,1,2,25/09/2017,1506290400
36752,2017-18,2,7,Cultural Leonesa,Almeria,0,0,29/09/2017,1506636000
36753,2017-18,2,7,Lorca FC,Cadiz,3,0,30/09/2017,1506722400
36754,2017-18,2,7,Numancia,Albacete,5,1,30/09/2017,1506722400
36755,2017-18,2,7,Valladolid,Cordoba,4,1,30/09/2017,1506722400
36756,2017-18,2,7,Sevilla Atletico,Reus,0,1,01/10/2017,1506808800
36757,2017-18,2,7,Alcorcon,Granada,1,2,01/10/2017,1506808800
36758,2017-18,2,7,Huesca,Rayo Vallecano,2,1,01/10/2017,1506808800
36759,2017-18,2,7,Osasuna,Sporting de Gijon,2,0,01/10/2017,1506808800
36760,2017-18,2,7,Lugo,Tenerife,1,0,01/10/2017,1506808800
36761,2017-18,2,7,Oviedo,Zaragoza,2,2,02/10/2017,1506895200
36762,2017-18,2,7,Gimnastic de Tarragona,Barcelona Atletic,0,0,01/11/2017,1509490800
36763,2017-18,2,8,Almeria,Huesca,0,3,07/10/2017,1507327200
36764,2017-18,2,8,Cadiz,Osasuna,0,2,07/10/2017,1507327200
36765,2017-18,2,8,Sporting de Gijon,Sevilla Atletico,3,0,07/10/2017,1507327200
36766,2017-18,2,8,Reus,Cultural Leonesa,1,1,07/10/2017,1507327200
36767,2017-18,2,8,Tenerife,Gimnastic de Tarragona,2,0,07/10/2017,1507327200
36768,2017-18,2,8,Albacete,Lorca FC,2,1,08/10/2017,1507413600
36769,2017-18,2,8,Barcelona Atletic,Oviedo,1,1,08/10/2017,1507413600
36770,2017-18,2,8,Granada,Lugo,2,0,08/10/2017,1507413600
36771,2017-18,2,8,Cordoba,Alcorcon,3,0,08/10/2017,1507413600
36772,2017-18,2,8,Zaragoza,Numancia,3,0,08/10/2017,1507413600
36773,2017-18,2,8,Rayo Vallecano,Valladolid,4,1,08/10/2017,1507413600
36774,2017-18,2,9,Cultural Leonesa,Sporting de Gijon,0,2,10/10/2017,1507586400
36775,2017-18,2,9,Huesca,Reus,1,1,10/10/2017,1507586400
36776,2017-18,2,9,Gimnastic de Tarragona,Granada,2,0,11/10/2017,1507672800
36777,2017-18,2,9,Lorca FC,Zaragoza,0,2,11/10/2017,1507672800
36778,2017-18,2,9,Numancia,Barcelona Atletic,1,0,11/10/2017,1507672800
36779,2017-18,2,9,Oviedo,Tenerife,1,1,11/10/2017,1507672800
36780,2017-18,2,9,Sevilla Atletico,Cadiz,0,0,11/10/2017,1507672800
36781,2017-18,2,9,Osasuna,Albacete,1,0,12/10/2017,1507759200
36782,2017-18,2,9,Lugo,Cordoba,2,0,12/10/2017,1507759200
36783,2017-18,2,9,Rayo Vallecano,Almeria,1,0,12/10/2017,1507759200
36784,2017-18,2,9,Valladolid,Alcorcon,4,0,12/10/2017,1507759200
36785,2017-18,2,10,Sporting de Gijon,Huesca,1,1,13/10/2017,1507845600
36786,2017-18,2,10,Granada,Oviedo,2,0,14/10/2017,1507932000
36787,2017-18,2,10,Tenerife,Numancia,1,1,14/10/2017,1507932000
36788,2017-18,2,10,Cadiz,Cultural Leonesa,2,2,14/10/2017,1507932000
36789,2017-18,2,10,Barcelona Atletic,Lorca FC,1,0,14/10/2017,1507932000
36790,2017-18,2,10,Reus,Rayo Vallecano,0,2,15/10/2017,1508018400
36791,2017-18,2,10,Cordoba,Gimnastic de Tarragona,1,5,15/10/2017,1508018400
36792,2017-18,2,10,Zaragoza,Osasuna,1,1,15/10/2017,1508018400
36793,2017-18,2,10,Albacete,Sevilla Atletico,2,1,15/10/2017,1508018400
36794,2017-18,2,10,Almeria,Valladolid,1,1,15/10/2017,1508018400
36795,2017-18,2,10,Alcorcon,Lugo,0,1,16/10/2017,1508104800
36796,2017-18,2,11,Osasuna,Barcelona Atletic,2,2,20/10/2017,1508450400
36797,2017-18,2,11,Sevilla Atletico,Zaragoza,2,2,21/10/2017,1508536800
36798,2017-18,2,11,Huesca,Cadiz,1,0,21/10/2017,1508536800
36799,2017-18,2,11,Lorca FC,Tenerife,2,2,21/10/2017,1508536800
36800,2017-18,2,11,Numancia,Granada,1,3,21/10/2017,1508536800
36801,2017-18,2,11,Valladolid,Lugo,2,2,22/10/2017,1508623200
36802,2017-18,2,11,Oviedo,Cordoba,2,0,22/10/2017,1508623200
36803,2017-18,2,11,Almeria,Reus,0,1,22/10/2017,1508623200
36804,2017-18,2,11,Rayo Vallecano,Sporting de Gijon,1,1,22/10/2017,1508623200
36805,2017-18,2,11,Gimnastic de Tarragona,Alcorcon,0,3,22/10/2017,1508623200
36806,2017-18,2,11,Cultural Leonesa,Albacete,0,0,23/10/2017,1508709600
36807,2017-18,2,12,Zaragoza,Cultural Leonesa,0,0,27/10/2017,1509055200
36808,2017-18,2,12,Albacete,Huesca,0,0,28/10/2017,1509141600
36809,2017-18,2,12,Cadiz,Rayo Vallecano,0,0,28/10/2017,1509141600
36810,2017-18,2,12,Sporting de Gijon,Almeria,2,0,28/10/2017,1509141600
36811,2017-18,2,12,Lugo,Gimnastic de Tarragona,1,0,28/10/2017,1509141600
36812,2017-18,2,12,Alcorcon,Oviedo,2,0,29/10/2017,1509228000
36813,2017-18,2,12,Barcelona Atletic,Sevilla Atletico,1,1,29/10/2017,1509228000
36814,2017-18,2,12,Reus,Valladolid,2,2,29/10/2017,1509228000
36815,2017-18,2,12,Cordoba,Numancia,1,1,29/10/2017,1509228000
36816,2017-18,2,12,Tenerife,Osasuna,0,0,29/10/2017,1509228000
36817,2017-18,2,12,Granada,Lorca FC,4,1,30/10/2017,1509318000
36818,2017-18,2,13,Numancia,Alcorcon,1,0,03/11/2017,1509663600
36819,2017-18,2,13,Rayo Vallecano,Albacete,1,1,04/11/2017,1509750000
36820,2017-18,2,13,Lorca FC,Cordoba,1,0,04/11/2017,1509750000
36821,2017-18,2,13,Sevilla Atletico,Tenerife,1,1,04/11/2017,1509750000
36822,2017-18,2,13,Reus,Sporting de Gijon,1,0,04/11/2017,1509750000
36823,2017-18,2,13,Osasuna,Granada,0,0,05/11/2017,1509836400
36824,2017-18,2,13,Cultural Leonesa,Barcelona Atletic,1,1,05/11/2017,1509836400
36825,2017-18,2,13,Valladolid,Gimnastic de Tarragona,0,3,05/11/2017,1509836400
36826,2017-18,2,13,Oviedo,Lugo,3,2,05/11/2017,1509836400
36827,2017-18,2,13,Almeria,Cadiz,0,2,05/11/2017,1509836400
36828,2017-18,2,13,Huesca,Zaragoza,3,1,06/11/2017,1509922800
36829,2017-18,2,14,Cordoba,Osasuna,0,1,10/11/2017,1510268400
36830,2017-18,2,14,Tenerife,Cultural Leonesa,2,0,11/11/2017,1510354800
36831,2017-18,2,14,Zaragoza,Rayo Vallecano,3,2,11/11/2017,1510354800
36832,2017-18,2,14,Albacete,Almeria,2,0,11/11/2017,1510354800
36833,2017-18,2,14,Alcorcon,Lorca FC,1,1,11/11/2017,1510354800
36834,2017-18,2,14,Barcelona Atletic,Huesca,0,2,11/11/2017,1510354800
36835,2017-18,2,14,Lugo,Numancia,0,1,12/11/2017,1510441200
36836,2017-18,2,14,Gimnastic de Tarragona,Oviedo,1,2,12/11/2017,1510441200
36837,2017-18,2,14,Sporting de Gijon,Valladolid,1,1,12/11/2017,1510441200
36838,2017-18,2,14,Granada,Sevilla Atletico,1,2,12/11/2017,1510441200
36839,2017-18,2,14,Cadiz,Reus,1,0,13/11/2017,1510527600
36840,2017-18,2,15,Almeria,Zaragoza,3,0,17/11/2017,1510873200
36841,2017-18,2,15,Huesca,Tenerife,3,0,18/11/2017,1510959600
36842,2017-18,2,15,Reus,Albacete,1,1,18/11/2017,1510959600
36843,2017-18,2,15,Lorca FC,Lugo,1,2,18/11/2017,1510959600
36844,2017-18,2,15,Valladolid,Oviedo,3,1,18/11/2017,1510959600
36845,2017-18,2,15,Sevilla Atletico,Cordoba,1,1,19/11/2017,1511046000
36846,2017-18,2,15,Sporting de Gijon,Cadiz,0,3,19/11/2017,1511046000
36847,2017-18,2,15,Osasuna,Alcorcon,2,3,19/11/2017,1511046000
36848,2017-18,2,15,Cultural Leonesa,Granada,1,1,19/11/2017,1511046000
36849,2017-18,2,15,Rayo Vallecano,Barcelona Atletic,1,0,19/11/2017,1511046000
36850,2017-18,2,15,Numancia,Gimnastic de Tarragona,1,2,19/11/2017,1511046000
36851,2017-18,2,16,Tenerife,Rayo Vallecano,2,2,24/11/2017,1511478000
36852,2017-18,2,16,Oviedo,Numancia,3,1,25/11/2017,1511564400
36853,2017-18,2,16,Alcorcon,Sevilla Atletico,0,0,25/11/2017,1511564400
36854,2017-18,2,16,Cadiz,Valladolid,1,0,25/11/2017,1511564400
36855,2017-18,2,16,Zaragoza,Reus,0,0,25/11/2017,1511564400
36856,2017-18,2,16,Gimnastic de Tarragona,Lorca FC,0,2,25/11/2017,1511564400
36857,2017-18,2,16,Albacete,Sporting de Gijon,2,2,26/11/2017,1511650800
36858,2017-18,2,16,Barcelona Atletic,Almeria,1,1,26/11/2017,1511650800
36859,2017-18,2,16,Granada,Huesca,2,0,26/11/2017,1511650800
36860,2017-18,2,16,Cordoba,Cultural Leonesa,2,2,26/11/2017,1511650800
36861,2017-18,2,16,Lugo,Osasuna,1,0,26/11/2017,1511650800
36862,2017-18,2,17,Rayo Vallecano,Granada,1,0,02/12/2017,1512169200
36863,2017-18,2,17,Lorca FC,Oviedo,0,2,02/12/2017,1512169200
36864,2017-18,2,17,Huesca,Cordoba,3,1,02/12/2017,1512169200
36865,2017-18,2,17,Reus,Barcelona Atletic,2,1,02/12/2017,1512169200
36866,2017-18,2,17,Cultural Leonesa,Alcorcon,2,2,03/12/2017,1512255600
36867,2017-18,2,17,Valladolid,Numancia,2,3,03/12/2017,1512255600
36868,2017-18,2,17,Sevilla Atletico,Lugo,1,1,03/12/2017,1512255600
36869,2017-18,2,17,Almeria,Tenerife,2,1,03/12/2017,1512255600
36870,2017-18,2,17,Cadiz,Albacete,2,0,03/12/2017,1512255600
36871,2017-18,2,17,Sporting de Gijon,Zaragoza,0,1,03/12/2017,1512255600
36872,2017-18,2,17,Osasuna,Gimnastic de Tarragona,0,2,18/01/2018,1516230000
36873,2017-18,2,18,Barcelona Atletic,Sporting de Gijon,2,1,08/12/2017,1512687600
36874,2017-18,2,18,Granada,Almeria,3,2,08/12/2017,1512687600
36875,2017-18,2,18,Zaragoza,Cadiz,0,2,09/12/2017,1512774000
36876,2017-18,2,18,Numancia,Lorca FC,1,0,09/12/2017,1512774000
36877,2017-18,2,18,Albacete,Valladolid,2,1,09/12/2017,1512774000
36878,2017-18,2,18,Alcorcon,Huesca,1,1,09/12/2017,1512774000
36879,2017-18,2,18,Lugo,Cultural Leonesa,3,1,10/12/2017,1512860400
36880,2017-18,2,18,Gimnastic de Tarragona,Sevilla Atletico,2,1,10/12/2017,1512860400
36881,2017-18,2,18,Oviedo,Osasuna,1,0,10/12/2017,1512860400
36882,2017-18,2,18,Cordoba,Rayo Vallecano,2,2,10/12/2017,1512860400
36883,2017-18,2,18,Tenerife,Reus,3,0,10/12/2017,1512860400
36884,2017-18,2,19,Cadiz,Barcelona Atletic,3,1,15/12/2017,1513292400
36885,2017-18,2,19,Almeria,Cordoba,1,0,16/12/2017,1513378800
36886,2017-18,2,19,Reus,Granada,0,0,16/12/2017,1513378800
36887,2017-18,2,19,Osasuna,Numancia,2,2,16/12/2017,1513378800
36888,2017-18,2,19,Valladolid,Lorca FC,3,0,16/12/2017,1513378800
36889,2017-18,2,19,Albacete,Zaragoza,0,0,16/12/2017,1513378800
36890,2017-18,2,19,Huesca,Lugo,3,0,17/12/2017,1513465200
36891,2017-18,2,19,Sporting de Gijon,Tenerife,3,0,17/12/2017,1513465200
36892,2017-18,2,19,Cultural Leonesa,Gimnastic de Tarragona,2,0,17/12/2017,1513465200
36893,2017-18,2,19,Rayo Vallecano,Alcorcon,2,1,17/12/2017,1513465200
36894,2017-18,2,19,Sevilla Atletico,Oviedo,0,1,17/12/2017,1513465200
36895,2017-18,2,20,Barcelona Atletic,Albacete,0,1,19/12/2017,1513638000
36896,2017-18,2,20,Valladolid,Zaragoza,3,2,19/12/2017,1513638000
36897,2017-18,2,20,Granada,Sporting de Gijon,2,1,20/12/2017,1513724400
36898,2017-18,2,20,Cordoba,Reus,5,0,20/12/2017,1513724400
36899,2017-18,2,20,Lorca FC,Osasuna,0,1,20/12/2017,1513724400
36900,2017-18,2,20,Tenerife,Cadiz,1,1,21/12/2017,1513810800
36901,2017-18,2,20,Numancia,Sevilla Atletico,3,0,21/12/2017,1513810800
36902,2017-18,2,20,Lugo,Rayo Vallecano,1,2,22/12/2017,1513897200
36903,2017-18,2,20,Alcorcon,Almeria,2,0,22/12/2017,1513897200
36904,2017-18,2,20,Gimnastic de Tarragona,Huesca,1,2,23/12/2017,1513983600
36905,2017-18,2,20,Oviedo,Cultural Leonesa,3,0,23/12/2017,1513983600
36906,2017-18,2,21,Rayo Vallecano,Gimnastic de Tarragona,2,3,06/01/2018,1515193200
36907,2017-18,2,21,Zaragoza,Barcelona Atletic,1,1,06/01/2018,1515193200
36908,2017-18,2,21,Cadiz,Granada,1,0,06/01/2018,1515193200
36909,2017-18,2,21,Sporting de Gijon,Cordoba,3,2,06/01/2018,1515193200
36910,2017-18,2,21,Reus,Alcorcon,1,1,06/01/2018,1515193200
36911,2017-18,2,21,Albacete,Tenerife,1,2,07/01/2018,1515279600
36912,2017-18,2,21,Sevilla Atletico,Lorca FC,3,2,07/01/2018,1515279600
36913,2017-18,2,21,Almeria,Lugo,1,0,07/01/2018,1515279600
36914,2017-18,2,21,Huesca,Oviedo,1,1,07/01/2018,1515279600
36915,2017-18,2,21,Osasuna,Valladolid,4,2,07/01/2018,1515279600
36916,2017-18,2,21,Cultural Leonesa,Numancia,2,2,07/01/2018,1515279600
36917,2017-18,2,22,Rayo Vallecano,Oviedo,2,2,12/01/2018,1515711600
36918,2017-18,2,22,Sporting de Gijon,Alcorcon,3,0,13/01/2018,1515798000
36919,2017-18,2,22,Reus,Lugo,0,1,13/01/2018,1515798000
36920,2017-18,2,22,Barcelona Atletic,Valladolid,0,1,13/01/2018,1515798000
36921,2017-18,2,22,Almeria,Gimnastic de Tarragona,1,1,13/01/2018,1515798000
36922,2017-18,2,22,Zaragoza,Tenerife,1,0,13/01/2018,1515798000
36923,2017-18,2,22,Cultural Leonesa,Lorca FC,2,1,14/01/2018,1515884400
36924,2017-18,2,22,Albacete,Granada,2,1,14/01/2018,1515884400
36925,2017-18,2,22,Sevilla Atletico,Osasuna,0,1,14/01/2018,1515884400
36926,2017-18,2,22,Cadiz,Cordoba,2,0,14/01/2018,1515884400
36927,2017-18,2,22,Huesca,Numancia,2,1,14/01/2018,1515884400
36928,2017-18,2,23,Granada,Zaragoza,2,1,19/01/2018,1516316400
36929,2017-18,2,23,Lorca FC,Huesca,2,3,20/01/2018,1516402800
36930,2017-18,2,23,Oviedo,Almeria,2,1,20/01/2018,1516402800
36931,2017-18,2,23,Valladolid,Sevilla Atletico,1,0,20/01/2018,1516402800
36932,2017-18,2,23,Cordoba,Albacete,1,0,20/01/2018,1516402800
36933,2017-18,2,23,Lugo,Sporting de Gijon,3,1,20/01/2018,1516402800
36934,2017-18,2,23,Gimnastic de Tarragona,Reus,1,2,21/01/2018,1516489200
36935,2017-18,2,23,Numancia,Rayo Vallecano,0,0,21/01/2018,1516489200
36936,2017-18,2,23,Osasuna,Cultural Leonesa,2,1,21/01/2018,1516489200
36937,2017-18,2,23,Alcorcon,Cadiz,1,0,21/01/2018,1516489200
36938,2017-18,2,23,Tenerife,Barcelona Atletic,1,3,21/01/2018,1516489200
36939,2017-18,2,24,Zaragoza,Cordoba,1,0,26/01/2018,1516921200
36940,2017-18,2,24,Barcelona Atletic,Granada,3,0,27/01/2018,1517007600
36941,2017-18,2,24,Albacete,Alcorcon,2,0,27/01/2018,1517007600
36942,2017-18,2,24,Cadiz,Lugo,1,1,27/01/2018,1517007600
36943,2017-18,2,24,Reus,Oviedo,0,0,27/01/2018,1517007600
36944,2017-18,2,24,Rayo Vallecano,Lorca FC,5,1,27/01/2018,1517007600
36945,2017-18,2,24,Tenerife,Valladolid,0,0,28/01/2018,1517094000
36946,2017-18,2,24,Almeria,Numancia,0,0,28/01/2018,1517094000
36947,2017-18,2,24,Huesca,Osasuna,1,0,28/01/2018,1517094000
36948,2017-18,2,24,Sporting de Gijon,Gimnastic de Tarragona,2,0,28/01/2018,1517094000
36949,2017-18,2,24,Cultural Leonesa,Sevilla Atletico,2,1,28/01/2018,1517094000
36950,2017-18,2,25,Osasuna,Rayo Vallecano,1,1,02/02/2018,1517526000
36951,2017-18,2,25,Granada,Tenerife,2,1,03/02/2018,1517612400
36952,2017-18,2,25,Valladolid,Cultural Leonesa,3,2,03/02/2018,1517612400
36953,2017-18,2,25,Gimnastic de Tarragona,Cadiz,0,0,03/02/2018,1517612400
36954,2017-18,2,25,Lorca FC,Almeria,1,2,03/02/2018,1517612400
36955,2017-18,2,25,Alcorcon,Zaragoza,1,1,03/02/2018,1517612400
36956,2017-18,2,25,Cordoba,Barcelona Atletic,1,2,04/02/2018,1517698800
36957,2017-18,2,25,Sevilla Atletico,Huesca,0,1,04/02/2018,1517698800
36958,2017-18,2,25,Lugo,Albacete,1,1,04/02/2018,1517698800
36959,2017-18,2,25,Numancia,Reus,1,0,04/02/2018,1517698800
36960,2017-18,2,25,Oviedo,Sporting de Gijon,2,1,04/02/2018,1517698800
36961,2017-18,2,26,Granada,Valladolid,1,0,09/02/2018,1518130800
36962,2017-18,2,26,Barcelona Atletic,Alcorcon,0,1,10/02/2018,1518217200
36963,2017-18,2,26,Almeria,Osasuna,0,1,10/02/2018,1518217200
36964,2017-18,2,26,Cadiz,Oviedo,2,1,10/02/2018,1518217200
36965,2017-18,2,26,Sporting de Gijon,Numancia,2,0,10/02/2018,1518217200
36966,2017-18,2,26,Reus,Lorca FC,3,0,11/02/2018,1518303600
36967,2017-18,2,26,Rayo Vallecano,Sevilla Atletico,2,0,11/02/2018,1518303600
36968,2017-18,2,26,Albacete,Gimnastic de Tarragona,0,1,11/02/2018,1518303600
36969,2017-18,2,26,Tenerife,Cordoba,5,1,11/02/2018,1518303600
36970,2017-18,2,26,Zaragoza,Lugo,2,0,11/02/2018,1518303600
36971,2017-18,2,26,Huesca,Cultural Leonesa,1,0,11/02/2018,1518303600
36972,2017-18,2,27,Valladolid,Huesca,3,2,16/02/2018,1518735600
36973,2017-18,2,27,Gimnastic de Tarragona,Zaragoza,0,2,17/02/2018,1518822000
36974,2017-18,2,27,Lorca FC,Sporting de Gijon,0,0,17/02/2018,1518822000
36975,2017-18,2,27,Osasuna,Reus,0,0,17/02/2018,1518822000
36976,2017-18,2,27,Oviedo,Albacete,0,0,17/02/2018,1518822000
36977,2017-18,2,27,Alcorcon,Tenerife,1,1,17/02/2018,1518822000
36978,2017-18,2,27,Numancia,Cadiz,1,0,18/02/2018,1518908400
36979,2017-18,2,27,Cultural Leonesa,Rayo Vallecano,2,3,18/02/2018,1518908400
36980,2017-18,2,27,Cordoba,Granada,1,2,18/02/2018,1518908400
36981,2017-18,2,27,Sevilla Atletico,Almeria,0,3,18/02/2018,1518908400
36982,2017-18,2,27,Lugo,Barcelona Atletic,1,2,18/02/2018,1518908400
36983,2017-18,2,28,Sporting de Gijon,Osasuna,2,0,23/02/2018,1519340400
36984,2017-18,2,28,Almeria,Cultural Leonesa,2,1,24/02/2018,1519426800
36985,2017-18,2,28,Cadiz,Lorca FC,0,0,24/02/2018,1519426800
36986,2017-18,2,28,Rayo Vallecano,Huesca,3,0,24/02/2018,1519426800
36987,2017-18,2,28,Barcelona Atletic,Gimnastic de Tarragona,1,1,24/02/2018,1519426800
36988,2017-18,2,28,Albacete,Numancia,1,0,25/02/2018,1519513200
36989,2017-18,2,28,Cordoba,Valladolid,2,1,25/02/2018,1519513200
36990,2017-18,2,28,Zaragoza,Oviedo,2,1,25/02/2018,1519513200
36991,2017-18,2,28,Reus,Sevilla Atletico,2,0,25/02/2018,1519513200
36992,2017-18,2,28,Granada,Alcorcon,2,0,25/02/2018,1519513200
36993,2017-18,2,28,Tenerife,Lugo,3,1,26/02/2018,1519599600
36994,2017-18,2,29,Oviedo,Barcelona Atletic,0,0,02/03/2018,1519945200
36995,2017-18,2,29,Lugo,Granada,2,1,03/03/2018,1520031600
36996,2017-18,2,29,Numancia,Zaragoza,1,2,03/03/2018,1520031600
36997,2017-18,2,29,Osasuna,Cadiz,1,0,03/03/2018,1520031600
36998,2017-18,2,29,Cultural Leonesa,Reus,2,0,03/03/2018,1520031600
36999,2017-18,2,29,Sevilla Atletico,Sporting de Gijon,0,1,04/03/2018,1520118000
37000,2017-18,2,29,Huesca,Almeria,2,2,04/03/2018,1520118000
37001,2017-18,2,29,Gimnastic de Tarragona,Tenerife,1,2,04/03/2018,1520118000
37002,2017-18,2,29,Lorca FC,Albacete,1,2,04/03/2018,1520118000
37003,2017-18,2,29,Alcorcon,Cordoba,1,2,04/03/2018,1520118000
37004,2017-18,2,29,Valladolid,Rayo Vallecano,1,1,04/03/2018,1520118000
37005,2017-18,2,30,Tenerife,Oviedo,3,1,09/03/2018,1520550000
37006,2017-18,2,30,Alcorcon,Valladolid,0,0,10/03/2018,1520636400
37007,2017-18,2,30,Granada,Gimnastic de Tarragona,0,1,10/03/2018,1520636400
37008,2017-18,2,30,Almeria,Rayo Vallecano,0,1,10/03/2018,1520636400
37009,2017-18,2,30,Cadiz,Sevilla Atletico,4,1,10/03/2018,1520636400
37010,2017-18,2,30,Barcelona Atletic,Numancia,2,2,11/03/2018,1520722800
37011,2017-18,2,30,Albacete,Osasuna,0,0,11/03/2018,1520722800
37012,2017-18,2,30,Cordoba,Lugo,1,0,11/03/2018,1520722800
37013,2017-18,2,30,Zaragoza,Lorca FC,3,1,11/03/2018,1520722800
37014,2017-18,2,30,Sporting de Gijon,Cultural Leonesa,4,0,11/03/2018,1520722800
37015,2017-18,2,30,Reus,Huesca,0,0,11/03/2018,1520722800
37016,2017-18,2,31,Sevilla Atletico,Albacete,1,2,16/03/2018,1521154800
37017,2017-18,2,31,Osasuna,Zaragoza,1,2,17/03/2018,1521241200
37018,2017-18,2,31,Cultural Leonesa,Cadiz,0,1,17/03/2018,1521241200
37019,2017-18,2,31,Lugo,Alcorcon,2,1,17/03/2018,1521241200
37020,2017-18,2,31,Lorca FC,Barcelona Atletic,1,1,17/03/2018,1521241200
37021,2017-18,2,31,Oviedo,Granada,2,1,18/03/2018,1521327600
37022,2017-18,2,31,Rayo Vallecano,Reus,3,2,18/03/2018,1521327600
37023,2017-18,2,31,Valladolid,Almeria,2,1,18/03/2018,1521327600
37024,2017-18,2,31,Gimnastic de Tarragona,Cordoba,0,2,18/03/2018,1521327600
37025,2017-18,2,31,Numancia,Tenerife,2,0,18/03/2018,1521327600
37026,2017-18,2,31,Huesca,Sporting de Gijon,0,2,19/03/2018,1521414000
37027,2017-18,2,32,Lugo,Valladolid,0,0,24/03/2018,1521846000
37028,2017-18,2,32,Sporting de Gijon,Rayo Vallecano,1,0,24/03/2018,1521846000
37029,2017-18,2,32,Reus,Almeria,1,0,24/03/2018,1521846000
37030,2017-18,2,32,Albacete,Cultural Leonesa,0,0,24/03/2018,1521846000
37031,2017-18,2,32,Cordoba,Oviedo,1,1,24/03/2018,1521846000
37032,2017-18,2,32,Zaragoza,Sevilla Atletico,0,1,25/03/2018,1521932400
37033,2017-18,2,32,Alcorcon,Gimnastic de Tarragona,1,0,25/03/2018,1521932400
37034,2017-18,2,32,Barcelona Atletic,Osasuna,0,2,25/03/2018,1521932400
37035,2017-18,2,32,Granada,Numancia,1,0,25/03/2018,1521932400
37036,2017-18,2,32,Tenerife,Lorca FC,2,0,25/03/2018,1521932400
37037,2017-18,2,32,Cadiz,Huesca,1,1,26/03/2018,1522015200
37038,2017-18,2,33,Oviedo,Alcorcon,0,1,31/03/2018,1522447200
37039,2017-18,2,33,Numancia,Cordoba,2,1,31/03/2018,1522447200
37040,2017-18,2,33,Cultural Leonesa,Zaragoza,0,1,31/03/2018,1522447200
37041,2017-18,2,33,Valladolid,Reus,1,0,31/03/2018,1522447200
37042,2017-18,2,33,Almeria,Sporting de Gijon,1,3,01/04/2018,1522533600
37043,2017-18,2,33,Gimnastic de Tarragona,Lugo,3,0,01/04/2018,1522533600
37044,2017-18,2,33,Lorca FC,Granada,3,2,01/04/2018,1522533600
37045,2017-18,2,33,Osasuna,Tenerife,0,1,01/04/2018,1522533600
37046,2017-18,2,33,Rayo Vallecano,Cadiz,1,1,01/04/2018,1522533600
37047,2017-18,2,33,Sevilla Atletico,Barcelona Atletic,3,1,01/04/2018,1522533600
37048,2017-18,2,33,Huesca,Albacete,0,0,12/04/2018,1523484000
37049,2017-18,2,34,Cadiz,Almeria,0,0,06/04/2018,1522965600
37050,2017-18,2,34,Alcorcon,Numancia,0,1,07/04/2018,1523052000
37051,2017-18,2,34,Barcelona Atletic,Cultural Leonesa,0,1,07/04/2018,1523052000
37052,2017-18,2,34,Granada,Osasuna,1,1,07/04/2018,1523052000
37053,2017-18,2,34,Albacete,Rayo Vallecano,0,1,07/04/2018,1523052000
37054,2017-18,2,34,Zaragoza,Huesca,1,0,07/04/2018,1523052000
37055,2017-18,2,34,Cordoba,Lorca FC,1,0,08/04/2018,1523138400
37056,2017-18,2,34,Tenerife,Sevilla Atletico,2,0,08/04/2018,1523138400
37057,2017-18,2,34,Lugo,Oviedo,0,1,08/04/2018,1523138400
37058,2017-18,2,34,Sporting de Gijon,Reus,2,1,08/04/2018,1523138400
37059,2017-18,2,34,Gimnastic de Tarragona,Valladolid,1,0,08/04/2018,1523138400
37060,2017-18,2,35,Numancia,Lugo,2,0,14/04/2018,1523656800
37061,2017-18,2,35,Cultural Leonesa,Tenerife,3,2,14/04/2018,1523656800
37062,2017-18,2,35,Reus,Cadiz,1,0,14/04/2018,1523656800
37063,2017-18,2,35,Lorca FC,Alcorcon,1,1,14/04/2018,1523656800
37064,2017-18,2,35,Rayo Vallecano,Zaragoza,2,1,15/04/2018,1523743200
37065,2017-18,2,35,Valladolid,Sporting de Gijon,0,1,15/04/2018,1523743200
37066,2017-18,2,35,Sevilla Atletico,Granada,0,0,15/04/2018,1523743200
37067,2017-18,2,35,Almeria,Albacete,1,1,15/04/2018,1523743200
37068,2017-18,2,35,Osasuna,Cordoba,1,1,15/04/2018,1523743200
37069,2017-18,2,35,Oviedo,Gimnastic de Tarragona,1,0,15/04/2018,1523743200
37070,2017-18,2,35,Huesca,Barcelona Atletic,2,1,16/04/2018,1523829600
37071,2017-18,2,36,Oviedo,Valladolid,1,2,20/04/2018,1524175200
37072,2017-18,2,36,Cordoba,Sevilla Atletico,3,0,20/04/2018,1524175200
37073,2017-18,2,36,Zaragoza,Almeria,2,1,21/04/2018,1524261600
37074,2017-18,2,36,Gimnastic de Tarragona,Numancia,0,0,21/04/2018,1524261600
37075,2017-18,2,36,Albacete,Reus,0,1,21/04/2018,1524261600
37076,2017-18,2,36,Tenerife,Huesca,2,4,21/04/2018,1524261600
37077,2017-18,2,36,Cadiz,Sporting de Gijon,0,0,22/04/2018,1524348000
37078,2017-18,2,36,Lugo,Lorca FC,1,1,22/04/2018,1524348000
37079,2017-18,2,36,Alcorcon,Osasuna,0,0,22/04/2018,1524348000
37080,2017-18,2,36,Barcelona Atletic,Rayo Vallecano,2,3,22/04/2018,1524348000
37081,2017-18,2,36,Granada,Cultural Leonesa,3,3,22/04/2018,1524348000
37082,2017-18,2,37,Reus,Zaragoza,1,1,27/04/2018,1524780000
37083,2017-18,2,37,Huesca,Granada,2,1,28/04/2018,1524866400
37084,2017-18,2,37,Osasuna,Lugo,1,1,28/04/2018,1524866400
37085,2017-18,2,37,Valladolid,Cadiz,1,1,28/04/2018,1524866400
37086,2017-18,2,37,Sevilla Atletico,Alcorcon,1,0,28/04/2018,1524866400
37087,2017-18,2,37,Almeria,Barcelona Atletic,1,0,28/04/2018,1524866400
37088,2017-18,2,37,Sporting de Gijon,Albacete,2,1,29/04/2018,1524952800
37089,2017-18,2,37,Lorca FC,Gimnastic de Tarragona,1,0,29/04/2018,1524952800
37090,2017-18,2,37,Numancia,Oviedo,3,0,29/04/2018,1524952800
37091,2017-18,2,37,Cultural Leonesa,Cordoba,2,1,29/04/2018,1524952800
37092,2017-18,2,37,Rayo Vallecano,Tenerife,3,1,29/04/2018,1524952800
37093,2017-18,2,38,Alcorcon,Cultural Leonesa,0,0,04/05/2018,1525384800
37094,2017-18,2,38,Barcelona Atletic,Reus,0,1,05/05/2018,1525471200
37095,2017-18,2,38,Cordoba,Huesca,2,4,05/05/2018,1525471200
37096,2017-18,2,38,Tenerife,Almeria,0,0,05/05/2018,1525471200
37097,2017-18,2,38,Zaragoza,Sporting de Gijon,2,1,05/05/2018,1525471200
37098,2017-18,2,38,Numancia,Valladolid,0,1,05/05/2018,1525471200
37099,2017-18,2,38,Albacete,Cadiz,1,1,06/05/2018,1525557600
37100,2017-18,2,38,Lugo,Sevilla Atletico,1,0,06/05/2018,1525557600
37101,2017-18,2,38,Gimnastic de Tarragona,Osasuna,0,2,06/05/2018,1525557600
37102,2017-18,2,38,Oviedo,Lorca FC,2,0,06/05/2018,1525557600
37103,2017-18,2,38,Granada,Rayo Vallecano,0,2,07/05/2018,1525644000
37104,2017-18,2,39,Lorca FC,Numancia,2,1,11/05/2018,1525989600
37105,2017-18,2,39,Valladolid,Albacete,3,2,12/05/2018,1526076000
37106,2017-18,2,39,Sporting de Gijon,Barcelona Atletic,2,3,12/05/2018,1526076000
37107,2017-18,2,39,Reus,Tenerife,1,1,12/05/2018,1526076000
37108,2017-18,2,39,Osasuna,Oviedo,2,1,12/05/2018,1526076000
37109,2017-18,2,39,Sevilla Atletico,Gimnastic de Tarragona,1,0,13/05/2018,1526162400
37110,2017-18,2,39,Almeria,Granada,2,0,13/05/2018,1526162400
37111,2017-18,2,39,Huesca,Alcorcon,1,1,13/05/2018,1526162400
37112,2017-18,2,39,Cultural Leonesa,Lugo,1,1,13/05/2018,1526162400
37113,2017-18,2,39,Rayo Vallecano,Cordoba,1,2,13/05/2018,1526162400
37114,2017-18,2,39,Cadiz,Zaragoza,2,0,14/05/2018,1526248800
37115,2017-18,2,40,Tenerife,Sporting de Gijon,1,0,18/05/2018,1526594400
37116,2017-18,2,40,Gimnastic de Tarragona,Cultural Leonesa,5,3,19/05/2018,1526680800
37117,2017-18,2,40,Lorca FC,Valladolid,1,5,19/05/2018,1526680800
37118,2017-18,2,40,Oviedo,Sevilla Atletico,2,1,19/05/2018,1526680800
37119,2017-18,2,40,Granada,Reus,1,0,19/05/2018,1526680800
37120,2017-18,2,40,Alcorcon,Rayo Vallecano,4,0,20/05/2018,1526767200
37121,2017-18,2,40,Numancia,Osasuna,1,1,20/05/2018,1526767200
37122,2017-18,2,40,Barcelona Atletic,Cadiz,3,1,20/05/2018,1526767200
37123,2017-18,2,40,Cordoba,Almeria,2,0,20/05/2018,1526767200
37124,2017-18,2,40,Zaragoza,Albacete,4,1,20/05/2018,1526767200
37125,2017-18,2,40,Lugo,Huesca,0,2,21/05/2018,1526853600
37126,2017-18,2,41,Reus,Cordoba,1,2,27/05/2018,1527372000
37127,2017-18,2,41,Osasuna,Lorca FC,1,0,27/05/2018,1527372000
37128,2017-18,2,41,Zaragoza,Valladolid,3,2,27/05/2018,1527372000
37129,2017-18,2,41,Cultural Leonesa,Oviedo,2,0,27/05/2018,1527372000
37130,2017-18,2,41,Rayo Vallecano,Lugo,1,0,27/05/2018,1527372000
37131,2017-18,2,41,Sevilla Atletico,Numancia,2,1,27/05/2018,1527372000
37132,2017-18,2,41,Albacete,Barcelona Atletic,0,0,27/05/2018,1527372000
37133,2017-18,2,41,Almeria,Alcorcon,0,0,27/05/2018,1527372000
37134,2017-18,2,41,Cadiz,Tenerife,1,1,27/05/2018,1527372000
37135,2017-18,2,41,Huesca,Gimnastic de Tarragona,0,1,27/05/2018,1527372000
37136,2017-18,2,41,Sporting de Gijon,Granada,2,1,27/05/2018,1527372000
37137,2017-18,2,42,Lorca FC,Sevilla Atletico,2,1,01/06/2018,1527804000
37138,2017-18,2,42,Granada,Cadiz,2,1,02/06/2018,1527890400
37139,2017-18,2,42,Cordoba,Sporting de Gijon,3,0,02/06/2018,1527890400
37140,2017-18,2,42,Tenerife,Albacete,1,1,02/06/2018,1527890400
37141,2017-18,2,42,Lugo,Almeria,1,1,02/06/2018,1527890400
37142,2017-18,2,42,Gimnastic de Tarragona,Rayo Vallecano,2,0,02/06/2018,1527890400
37143,2017-18,2,42,Valladolid,Osasuna,2,0,02/06/2018,1527890400
37144,2017-18,2,42,Oviedo,Huesca,2,1,02/06/2018,1527890400
37145,2017-18,2,42,Alcorcon,Reus,3,0,02/06/2018,1527890400
37146,2017-18,2,42,Numancia,Cultural Leonesa,2,1,02/06/2018,1527890400
37147,2017-18,2,42,Barcelona Atletic,Zaragoza,0,2,02/06/2018,1527890400
